{"type":"FeatureCollection","features":[{"type":"Feature","geometry":{"type":"Polygon","coordinates":[[[-71.24341,43.54167],[-71.24428,43.54145],[-71.24444,43.54072],[-71.24291,43.53982],[-71.24243,43.54084],[-71.24341,43.54167]]]},"properties":{"a":60,"b":80}},{"type":"Feature","geometry":{"type":"Polygon","coordinates":[[[-71.24411,43.54663],[-71.24789,43.54551],[-71.25161,43.54023],[-71.25341,43.53955],[-71.25878,43.5394],[-71.26146,43.5407],[-71.26175,43.54239],[-71.26406,43.5431],[-71.26445,43.5427],[-71.25847,43.53776],[-71.25648,43.53714],[-71.2539,43.5376],[-71.25586,43.53397],[-71.25426,43.53154],[-71.24823,43.54299],[-71.24622,43.54488],[-71.24322,43.54608],[-71.24411,43.54663]]]},"properties":{"a":100,"b":120}},{"type":"Feature","geometry":{"type":"Polygon","coordinates":[[[-71.2545,43.5489],[-71.25503,43.54853],[-71.25467,43.54688],[-71.25524,43.5458],[-71.25471,43.54516],[-71.25333,43.54596],[-71.25291,43.54703],[-71.2545,43.5489]],[[-71.2542,43.54815],[-71.25309,43.54744],[-71.25328,43.5468],[-71.2542,43.54815]]]},"properties":{"a":0,"b":20}},{"type":"Feature","geometry":{"type":"Polygon","coordinates":[[[-71.27021,43.54929],[-71.27251,43.54767],[-71.26989,43.54797],[-71.27021,43.54929]]]},"properties":{"a":100,"b":120}},{"type":"Feature","geometry":{"type":"Polygon","coordinates":[[[-71.24615,43.54932],[-71.24775,43.54892],[-71.24587,43.54806],[-71.24565,43.54893],[-71.24615,43.54932]]]},"properties":{"a":40,"b":60}},{"type":"Feature","geometry":{"type":"Polygon","coordinates":[[[-71.25479,43.54953],[-71.25563,43.549],[-71.25628,43.54581],[-71.25485,43.54477],[-71.25311,43.54579],[-71.25261,43.54711],[-71.2532,43.54856],[-71.25479,43.54953]],[[-71.25464,43.5489],[-71.25324,43.54798],[-71.25291,43.54703],[-71.25333,43.54596],[-71.25471,43.54516],[-71.25524,43.5458],[-71.25464,43.5489]]]},"properties":{"a":20,"b":40}},{"type":"Feature","geometry":{"type":"Polygon","coordinates":[[[-71.23834,43.54971],[-71.23964,43.5493],[-71.23988,43.54792],[-71.23766,43.54857],[-71.23834,43.54971]]]},"properties":{"a":40,"b":60}},{"type":"Feature","geometry":{"type":"Polygon","coordinates":[[[-71.24744,43.54982],[-71.25078,43.54883],[-71.24627,43.54766],[-71.24429,43.54838],[-71.24479,43.54942],[-71.24744,43.54982]],[[-71.24629,43.54932],[-71.24567,43.54898],[-71.24587,43.54806],[-71.24774,43.54886],[-71.24629,43.54932]]]},"properties":{"a":40,"b":60}},{"type":"Feature","geometry":{"type":"Polygon","coordinates":[[[-71.25492,43.55015],[-71.2562,43.54961],[-71.25765,43.54671],[-71.25725,43.54459],[-71.25603,43.54382],[-71.25395,43.54415],[-71.2523,43.5465],[-71.25266,43.5487],[-71.25492,43.55015]],[[-71.25497,43.54952],[-71.25378,43.54919],[-71.25261,43.54711],[-71.25311,43.54579],[-71.25485,43.54477],[-71.25628,43.54581],[-71.25566,43.54892],[-71.25497,43.54952]]]},"properties":{"a":40,"b":60}},{"type":"Feature","geometry":{"type":"Polygon","coordinates":[[[-71.26018,43.5522],[-71.26072,43.55157],[-71.25921,43.55049],[-71.25927,43.55179],[-71.26018,43.5522]],[[-71.25953,43.5513],[-71.25931,43.55123],[-71.2594,43.55101],[-71.25953,43.5513]]]},"properties":{"a":0,"b":20}},{"type":"Feature","geometry":{"type":"Polygon","coordinates":[[[-71.26036,43.55286],[-71.26147,43.55259],[-71.26157,43.5519],[-71.25928,43.5491],[-71.25881,43.55157],[-71.26036,43.55286]],[[-71.26044,43.5522],[-71.25927,43.55179],[-71.25917,43.55051],[-71.26068,43.55151],[-71.26044,43.5522]]]},"properties":{"a":0,"b":20}},{"type":"Feature","geometry":{"type":"Polygon","coordinates":[[[-71.26087,43.55342],[-71.26242,43.5532],[-71.26275,43.55244],[-71.2588,43.54673],[-71.25803,43.55142],[-71.25884,43.55252],[-71.26087,43.55342]],[[-71.26051,43.55287],[-71.25881,43.55157],[-71.25928,43.5491],[-71.26157,43.5519],[-71.26152,43.55255],[-71.26051,43.55287]]]},"properties":{"a":20,"b":40}},{"type":"Feature","geometry":{"type":"Polygon","coordinates":[[[-71.29714,43.55717],[-71.29881,43.55624],[-71.29931,43.55488],[-71.29884,43.55346],[-71.29317,43.54975],[-71.28799,43.54811],[-71.28373,43.5484],[-71.27954,43.54773],[-71.27877,43.54831],[-71.27981,43.55026],[-71.27942,43.55207],[-71.27992,43.55381],[-71.28502,43.55255],[-71.28952,43.55679],[-71.29714,43.55717]],[[-71.29693,43.55682],[-71.29519,43.55626],[-71.29098,43.55675],[-71.28922,43.55585],[-71.28873,43.55295],[-71.28768,43.55177],[-71.28798,43.55091],[-71.28705,43.55005],[-71.28753,43.54925],[-71.28826,43.54918],[-71.28873,43.55013],[-71.29067,43.54972],[-71.29297,43.55146],[-71.29624,43.55211],[-71.29775,43.55354],[-71.29812,43.55658],[-71.29693,43.55682]],[[-71.2822,43.55246],[-71.28103,43.5514],[-71.28159,43.54989],[-71.28295,43.54999],[-71.28405,43.55162],[-71.2822,43.55246]],[[-71.28562,43.55],[-71.28507,43.54955],[-71.28589,43.54918],[-71.28655,43.55],[-71.28562,43.55]]]},"properties":{"a":0,"b":20}},{"type":"Feature","geometry":{"type":"Polygon","coordinates":[[[-71.29,43.55775],[-71.29229,43.55722],[-71.29813,43.55742],[-71.29967,43.55602],[-71.29987,43.55339],[-71.29383,43.54911],[-71.29147,43.54856],[-71.29017,43.54725],[-71.28666,43.5456],[-71.27778,43.5477],[-71.27848,43.55053],[-71.27485,43.55382],[-71.2748,43.55502],[-71.28423,43.55359],[-71.28542,43.55495],[-71.28763,43.55581],[-71.28871,43.55737],[-71.29,43.55775]],[[-71.29737,43.55717],[-71.28952,43.55679],[-71.28638,43.55329],[-71.28491,43.55253],[-71.27992,43.55381],[-71.27942,43.55207],[-71.27981,43.55026],[-71.27877,43.54831],[-71.27954,43.54773],[-71.28373,43.5484],[-71.28799,43.54811],[-71.29317,43.54975],[-71.29884,43.55346],[-71.29921,43.55527],[-71.29845,43.5568],[-71.29737,43.55717]]]},"properties":{"a":20,"b":40}},{"type":"Feature","geometry":{"type":"Polygon","coordinates":[[[-71.26707,43.55855],[-71.26838,43.55793],[-71.26829,43.55605],[-71.26606,43.55681],[-71.26707,43.55855]]]},"properties":{"a":40,"b":60}},{"type":"Feature","geometry":{"type":"Polygon","coordinates":[[[-71.26583,43.55935],[-71.26616,43.55882],[-71.26408,43.55629],[-71.26475,43.5542],[-71.26327,43.55414],[-71.26388,43.55267],[-71.26294,43.55068],[-71.25784,43.54426],[-71.25546,43.54324],[-71.25395,43.54337],[-71.25254,43.54477],[-71.25193,43.54646],[-71.25243,43.54921],[-71.25557,43.5506],[-71.25733,43.54912],[-71.25764,43.55037],[-71.25699,43.55193],[-71.25742,43.5529],[-71.26209,43.55446],[-71.26328,43.55766],[-71.26583,43.55935]],[[-71.26116,43.55341],[-71.25976,43.55312],[-71.25811,43.55163],[-71.2588,43.54673],[-71.26086,43.55039],[-71.26272,43.55236],[-71.26249,43.55316],[-71.26116,43.55341]],[[-71.25651,43.54903],[-71.25492,43.55015],[-71.25253,43.54845],[-71.25247,43.54588],[-71.25436,43.54392],[-71.25612,43.54384],[-71.25728,43.54467],[-71.25765,43.54671],[-71.25651,43.54903]]]},"properties":{"a":40,"b":60}},{"type":"Feature","geometry":{"type":"Polygon","coordinates":[[[-71.21023,43.56274],[-71.21267,43.56157],[-71.21252,43.55955],[-71.21531,43.56075],[-71.21676,43.56006],[-71.21663,43.55894],[-71.2151,43.55687],[-71.21164,43.55404],[-71.20859,43.55428],[-71.20703,43.5527],[-71.20577,43.55276],[-71.20421,43.55396],[-71.20279,43.55638],[-71.20258,43.5584],[-71.20568,43.55898],[-71.21023,43.56274]],[[-71.21022,43.56247],[-71.20766,43.55941],[-71.20838,43.55907],[-71.20752,43.55782],[-71.20838,43.55836],[-71.20964,43.55804],[-71.21071,43.55986],[-71.21192,43.56054],[-71.21154,43.56124],[-71.21035,43.5608],[-71.21022,43.56247]],[[-71.20731,43.55893],[-71.20685,43.55874],[-71.20716,43.55869],[-71.20731,43.55893]],[[-71.20684,43.55854],[-71.20665,43.55844],[-71.20684,43.55841],[-71.20684,43.55854]],[[-71.2043,43.55802],[-71.20351,43.5571],[-71.20446,43.557],[-71.2043,43.55802]],[[-71.20577,43.55691],[-71.20563,43.55646],[-71.20636,43.55659],[-71.2067,43.55602],[-71.20711,43.55754],[-71.20484,43.55706],[-71.20577,43.55691]],[[-71.21115,43.55621],[-71.21259,43.55655],[-71.21614,43.55967],[-71.21492,43.55981],[-71.21224,43.5587],[-71.20998,43.55648],[-71.21115,43.55621]],[[-71.20429,43.55596],[-71.20398,43.55584],[-71.20426,43.55576],[-71.20429,43.55596]],[[-71.2081,43.55561],[-71.20797,43.55538],[-71.20832,43.55517],[-71.2081,43.55561]],[[-71.20481,43.55553],[-71.2047,43.55538],[-71.20501,43.55536],[-71.20481,43.55553]],[[-71.21108,43.55526],[-71.21108,43.55492],[-71.21137,43.55507],[-71.21108,43.55526]],[[-71.2071,43.55511],[-71.20621,43.5541],[-71.20679,43.55411],[-71.2071,43.55511]],[[-71.20526,43.55424],[-71.20482,43.55419],[-71.20511,43.55402],[-71.20526,43.55424]],[[-71.20621,43.55369],[-71.20563,43.55327],[-71.20598,43.5533],[-71.20621,43.55369]]]},"properties":{"a":0,"b":20}},{"type":"Feature","geometry":{"type":"Polygon","coordinates":[[[-71.21799,43.56444],[-71.2195,43.56348],[-71.21742,43.5634],[-71.21729,43.56408],[-71.21799,43.56444]]]},"properties":{"a":60,"b":80}},{"type":"Feature","geometry":{"type":"Polygon","coordinates":[[[-71.23039,43.56479],[-71.2324,43.56324],[-71.2325,43.56137],[-71.22977,43.55939],[-71.22987,43.55675],[-71.22906,43.55568],[-71.22609,43.55347],[-71.22256,43.55209],[-71.2163,43.55155],[-71.21621,43.55222],[-71.21785,43.55426],[-71.223,43.55873],[-71.22809,43.56108],[-71.23039,43.56479]],[[-71.23096,43.56264],[-71.23014,43.56247],[-71.22962,43.5607],[-71.23128,43.56112],[-71.23165,43.56178],[-71.23096,43.56264]],[[-71.22904,43.56002],[-71.22678,43.55888],[-71.22364,43.55879],[-71.22303,43.55828],[-71.22432,43.55616],[-71.22332,43.55687],[-71.22265,43.55619],[-71.21912,43.55532],[-71.21802,43.55396],[-71.21799,43.55215],[-71.2231,43.553],[-71.22448,43.55444],[-71.22559,43.55429],[-71.22878,43.55653],[-71.22904,43.56002]],[[-71.21765,43.55232],[-71.21717,43.55216],[-71.2174,43.55185],[-71.21765,43.55232]]]},"properties":{"a":0,"b":20}},{"type":"Feature","geometry":{"type":"Polygon","coordinates":[[[-71.21819,43.56496],[-71.22012,43.56402],[-71.22037,43.56323],[-71.21795,43.56234],[-71.21564,43.56363],[-71.21592,43.56437],[-71.21819,43.56496]],[[-71.21816,43.56444],[-71.21736,43.56418],[-71.21727,43.56351],[-71.2195,43.56348],[-71.21816,43.56444]]]},"properties":{"a":40,"b":60}},{"type":"Feature","geometry":{"type":"Polygon","coordinates":[[[-71.31156,43.56708],[-71.31293,43.5666],[-71.3131,43.56594],[-71.31078,43.56632],[-71.31156,43.56708]]]},"properties":{"a":60,"b":80}},{"type":"Feature","geometry":{"type":"Polygon","coordinates":[[[-71.30791,43.56907],[-71.31167,43.56813],[-71.3091,43.56757],[-71.30683,43.56589],[-71.30497,43.56681],[-71.30273,43.56508],[-71.30102,43.56513],[-71.29931,43.56417],[-71.30013,43.5653],[-71.30791,43.56907]]]},"properties":{"a":80,"b":100}},{"type":"Feature","geometry":{"type":"Polygon","coordinates":[[[-71.21532,43.57003],[-71.21672,43.56657],[-71.21621,43.56589],[-71.21404,43.56669],[-71.21327,43.56766],[-71.21532,43.57003]]]},"properties":{"a":80,"b":100}},{"type":"Feature","geometry":{"type":"Polygon","coordinates":[[[-71.21663,43.57169],[-71.21719,43.57136],[-71.21675,43.56949],[-71.21791,43.56568],[-71.21468,43.56485],[-71.21371,43.56603],[-71.21087,43.56693],[-71.21092,43.56761],[-71.21663,43.57169]],[[-71.2154,43.57003],[-71.21327,43.56766],[-71.21404,43.56669],[-71.21613,43.56588],[-71.21672,43.56657],[-71.21531,43.56913],[-71.2154,43.57003]]]},"properties":{"a":60,"b":80}},{"type":"Feature","geometry":{"type":"Polygon","coordinates":[[[-71.28197,43.57222],[-71.28271,43.5719],[-71.28197,43.57108],[-71.27784,43.56894],[-71.27981,43.57129],[-71.28197,43.57222]]]},"properties":{"a":100,"b":120}},{"type":"Feature","geometry":{"type":"Polygon","coordinates":[[[-71.25848,43.57319],[-71.26039,43.57303],[-71.26172,43.57213],[-71.2578,43.57078],[-71.25651,43.5722],[-71.25848,43.57319]],[[-71.25803,43.57293],[-71.25709,43.57198],[-71.25826,43.57138],[-71.25803,43.57293]]]},"properties":{"a":0,"b":20}},{"type":"Feature","geometry":{"type":"Polygon","coordinates":[[[-71.32146,43.57408],[-71.3238,43.57383],[-71.32464,43.57187],[-71.31857,43.57011],[-71.31595,43.57011],[-71.3154,43.57141],[-71.31576,43.5721],[-71.32146,43.57408]],[[-71.32282,43.574],[-71.31777,43.57299],[-71.3164,43.57141],[-71.3178,43.57088],[-71.32403,43.57174],[-71.32429,43.57267],[-71.32282,43.574]]]},"properties":{"a":0,"b":20}},{"type":"Feature","geometry":{"type":"Polygon","coordinates":[[[-71.30513,43.57428],[-71.30697,43.57359],[-71.30737,43.5718],[-71.30686,43.57056],[-71.29474,43.56553],[-71.294,43.56457],[-71.29473,43.56145],[-71.29385,43.56045],[-71.28664,43.5622],[-71.27581,43.55806],[-71.27188,43.55804],[-71.27091,43.559],[-71.27101,43.56031],[-71.27338,43.56259],[-71.28604,43.56957],[-71.293,43.57171],[-71.30513,43.57428]],[[-71.30639,43.5736],[-71.2997,43.57282],[-71.28441,43.56822],[-71.27755,43.56409],[-71.27347,43.56258],[-71.27218,43.56147],[-71.27167,43.55976],[-71.27663,43.55924],[-71.27865,43.56121],[-71.28328,43.5621],[-71.28614,43.56415],[-71.28856,43.56374],[-71.29207,43.56112],[-71.29369,43.56124],[-71.29403,43.56211],[-71.29227,43.56345],[-71.29203,43.56527],[-71.29304,43.56514],[-71.29497,43.56703],[-71.29709,43.56786],[-71.30602,43.57047],[-71.30683,43.57215],[-71.30639,43.5736]]]},"properties":{"a":0,"b":20}},{"type":"Feature","geometry":{"type":"Polygon","coordinates":[[[-71.32161,43.57438],[-71.32484,43.57358],[-71.32531,43.57278],[-71.32479,43.57157],[-71.3176,43.56887],[-71.31561,43.56922],[-71.31537,43.57214],[-71.32161,43.57438]],[[-71.32196,43.57408],[-71.31798,43.57325],[-71.31583,43.57215],[-71.3154,43.57149],[-71.3159,43.57018],[-71.31857,43.57011],[-71.32452,43.57173],[-71.32412,43.57356],[-71.32196,43.57408]]]},"properties":{"a":0,"b":20}},{"type":"Feature","geometry":{"type":"Polygon","coordinates":[[[-71.32151,43.5747],[-71.3234,43.57463],[-71.32527,43.5736],[-71.32545,43.5718],[-71.32238,43.56984],[-71.31894,43.56911],[-71.3174,43.568],[-71.31508,43.56883],[-71.31439,43.57069],[-71.31498,43.57231],[-71.32151,43.5747]],[[-71.32203,43.57439],[-71.31892,43.57382],[-71.31537,43.57214],[-71.31561,43.56922],[-71.3176,43.56887],[-71.32472,43.57149],[-71.32509,43.57335],[-71.32203,43.57439]]]},"properties":{"a":20,"b":40}},{"type":"Feature","geometry":{"type":"Polygon","coordinates":[[[-71.25969,43.57464],[-71.26216,43.57393],[-71.26441,43.57195],[-71.25821,43.57058],[-71.25525,43.57066],[-71.25395,43.57151],[-71.25454,43.57268],[-71.25969,43.57464]],[[-71.25892,43.57319],[-71.25707,43.57285],[-71.25665,43.57166],[-71.25844,43.57074],[-71.2617,43.57208],[-71.25892,43.57319]]]},"properties":{"a":0,"b":20}},{"type":"Feature","geometry":{"type":"Polygon","coordinates":[[[-71.30597,43.57498],[-71.308,43.57427],[-71.30827,43.57206],[-71.30775,43.57073],[-71.29654,43.566],[-71.29438,43.56043],[-71.28625,43.56101],[-71.27376,43.55715],[-71.27182,43.55597],[-71.27098,43.55666],[-71.27006,43.55959],[-71.27172,43.5617],[-71.28614,43.57014],[-71.29167,43.57257],[-71.29468,43.57244],[-71.30597,43.57498]],[[-71.30549,43.57427],[-71.29859,43.57308],[-71.28604,43.56957],[-71.27338,43.56259],[-71.27101,43.56031],[-71.27091,43.559],[-71.27188,43.55804],[-71.27581,43.55806],[-71.28664,43.5622],[-71.29374,43.56041],[-71.29473,43.56145],[-71.294,43.56457],[-71.29474,43.56553],[-71.30686,43.57056],[-71.30737,43.5718],[-71.307,43.57352],[-71.30549,43.57427]]]},"properties":{"a":20,"b":40}},{"type":"Feature","geometry":{"type":"Polygon","coordinates":[[[-71.28474,43.5764],[-71.28407,43.5739],[-71.28272,43.5731],[-71.28161,43.57322],[-71.28183,43.57416],[-71.28474,43.5764]]]},"properties":{"a":140,"b":160}},{"type":"Feature","geometry":{"type":"Polygon","coordinates":[[[-71.31754,43.57654],[-71.31958,43.57599],[-71.31363,43.57287],[-71.30942,43.57595],[-71.314,43.57494],[-71.31599,43.57633],[-71.31754,43.57654]]]},"properties":{"a":80,"b":100}},{"type":"Feature","geometry":{"type":"Polygon","coordinates":[[[-71.29062,43.57996],[-71.29117,43.57948],[-71.29028,43.57804],[-71.28633,43.57533],[-71.28448,43.57202],[-71.28143,43.56889],[-71.26402,43.56125],[-71.25942,43.55826],[-71.25347,43.55321],[-71.24761,43.55237],[-71.24746,43.55348],[-71.25028,43.55686],[-71.24987,43.55987],[-71.24762,43.56181],[-71.24175,43.5636],[-71.24087,43.56444],[-71.24152,43.56506],[-71.24363,43.56502],[-71.2519,43.56334],[-71.26027,43.56256],[-71.26527,43.56346],[-71.27385,43.5682],[-71.27855,43.57202],[-71.28136,43.57545],[-71.29062,43.57996]],[[-71.28478,43.5764],[-71.28183,43.57416],[-71.28161,43.57322],[-71.28272,43.5731],[-71.28407,43.5739],[-71.28478,43.5764]],[[-71.28219,43.57222],[-71.27981,43.57129],[-71.27784,43.56894],[-71.28184,43.57098],[-71.28271,43.57186],[-71.28219,43.57222]]]},"properties":{"a":140,"b":160}},{"type":"Feature","geometry":{"type":"Polygon","coordinates":[[[-71.28528,43.58225],[-71.28503,43.58145],[-71.28133,43.57956],[-71.27727,43.5813],[-71.27778,43.58184],[-71.28259,43.58134],[-71.28528,43.58225]]]},"properties":{"a":120,"b":140}},{"type":"Feature","geometry":{"type":"Polygon","coordinates":[[[-71.29244,43.58286],[-71.29296,43.58253],[-71.29184,43.58015],[-71.29195,43.57778],[-71.28653,43.57451],[-71.28337,43.5695],[-71.27316,43.56462],[-71.26739,43.56113],[-71.26495,43.56113],[-71.25226,43.55153],[-71.24789,43.55105],[-71.24343,43.55157],[-71.24323,43.55249],[-71.24607,43.55607],[-71.24587,43.55967],[-71.24466,43.56132],[-71.24289,43.56211],[-71.2381,43.561],[-71.23941,43.56361],[-71.23937,43.56498],[-71.24015,43.56551],[-71.24629,43.56617],[-71.26368,43.56498],[-71.26785,43.56573],[-71.27403,43.56896],[-71.27474,43.57081],[-71.27762,43.57237],[-71.28293,43.57798],[-71.2891,43.5802],[-71.29244,43.58286]],[[-71.2908,43.57997],[-71.28563,43.57796],[-71.28136,43.57545],[-71.27855,43.57202],[-71.27385,43.5682],[-71.26527,43.56346],[-71.26027,43.56256],[-71.2519,43.56334],[-71.24363,43.56502],[-71.24152,43.56506],[-71.24087,43.56444],[-71.24175,43.5636],[-71.24762,43.56181],[-71.24987,43.55987],[-71.25028,43.55686],[-71.24746,43.55348],[-71.24761,43.55237],[-71.25347,43.55321],[-71.25942,43.55826],[-71.26402,43.56125],[-71.28143,43.56889],[-71.28448,43.57202],[-71.28633,43.57533],[-71.29028,43.57804],[-71.29115,43.5794],[-71.2908,43.57997]]]},"properties":{"a":100,"b":120}},{"type":"Feature","geometry":{"type":"Polygon","coordinates":[[[-71.28543,43.58665],[-71.2862,43.58629],[-71.28597,43.58552],[-71.28343,43.58528],[-71.28543,43.58665]]]},"properties":{"a":60,"b":80}},{"type":"Feature","geometry":{"type":"Polygon","coordinates":[[[-71.30708,43.58773],[-71.3086,43.58706],[-71.30953,43.58468],[-71.31207,43.58269],[-71.31822,43.58241],[-71.32016,43.58164],[-71.32061,43.58053],[-71.3101,43.58088],[-71.30895,43.58164],[-71.30831,43.58363],[-71.30694,43.58472],[-71.30557,43.5846],[-71.30314,43.58271],[-71.30176,43.58293],[-71.30223,43.58439],[-71.30708,43.58773]]]},"properties":{"a":20,"b":40}},{"type":"Feature","geometry":{"type":"Polygon","coordinates":[[[-71.29416,43.58905],[-71.29488,43.5883],[-71.29383,43.5866],[-71.29042,43.58315],[-71.28698,43.58088],[-71.2802,43.57807],[-71.27728,43.57929],[-71.2766,43.58014],[-71.27627,43.58305],[-71.27908,43.58199],[-71.28256,43.58246],[-71.29033,43.58613],[-71.29416,43.58905]],[[-71.28535,43.58225],[-71.28259,43.58134],[-71.27778,43.58184],[-71.27727,43.5813],[-71.28133,43.57956],[-71.28503,43.58145],[-71.28535,43.58225]]]},"properties":{"a":120,"b":140}},{"type":"Feature","geometry":{"type":"Polygon","coordinates":[[[-71.30056,43.59029],[-71.30672,43.58872],[-71.31418,43.59026],[-71.31677,43.59029],[-71.31879,43.58949],[-71.32285,43.5859],[-71.32469,43.57766],[-71.32365,43.5773],[-71.31921,43.57991],[-71.31469,43.57951],[-71.31118,43.57774],[-71.30989,43.57864],[-71.30834,43.58163],[-71.30735,43.58198],[-71.30302,43.5799],[-71.29989,43.58013],[-71.29893,43.58526],[-71.2997,43.5862],[-71.30193,43.58659],[-71.30281,43.58735],[-71.30224,43.5882],[-71.29972,43.58886],[-71.29959,43.5898],[-71.30056,43.59029]],[[-71.30728,43.58773],[-71.30223,43.58439],[-71.30176,43.58293],[-71.30314,43.58271],[-71.30557,43.5846],[-71.30694,43.58472],[-71.30831,43.58363],[-71.30895,43.58164],[-71.3101,43.58088],[-71.32061,43.58053],[-71.32016,43.58164],[-71.31822,43.58241],[-71.31207,43.58269],[-71.30953,43.58468],[-71.3086,43.58706],[-71.30728,43.58773]]]},"properties":{"a":40,"b":60}},{"type":"Feature","geometry":{"type":"Polygon","coordinates":[[[-71.31743,43.59324],[-71.32083,43.59175],[-71.32458,43.58566],[-71.32561,43.57486],[-71.32161,43.57734],[-71.31564,43.57827],[-71.31491,43.57804],[-71.31462,43.57659],[-71.31341,43.57605],[-71.31174,43.57683],[-71.30228,43.57708],[-71.29815,43.57885],[-71.29739,43.58394],[-71.29784,43.58602],[-71.30124,43.58748],[-71.2987,43.58872],[-71.2988,43.59008],[-71.29986,43.59143],[-71.30361,43.5905],[-71.3081,43.59043],[-71.31188,43.59113],[-71.31459,43.59269],[-71.31743,43.59324]],[[-71.30081,43.5903],[-71.29964,43.58986],[-71.29966,43.58894],[-71.30224,43.5882],[-71.30281,43.58735],[-71.30193,43.58659],[-71.2997,43.5862],[-71.29893,43.58526],[-71.29989,43.58013],[-71.30302,43.5799],[-71.30735,43.58198],[-71.30834,43.58163],[-71.30989,43.57864],[-71.31118,43.57774],[-71.31469,43.57951],[-71.31921,43.57991],[-71.32365,43.5773],[-71.32469,43.57766],[-71.32285,43.5859],[-71.31879,43.58949],[-71.31677,43.59029],[-71.31418,43.59026],[-71.30672,43.58872],[-71.30081,43.5903]]]},"properties":{"a":60,"b":80}},{"type":"Feature","geometry":{"type":"Polygon","coordinates":[[[-71.29685,43.59516],[-71.29763,43.5944],[-71.29675,43.59036],[-71.29803,43.58748],[-71.29506,43.58512],[-71.29368,43.58147],[-71.2936,43.57706],[-71.29307,43.57607],[-71.28799,43.57477],[-71.28424,43.56958],[-71.2739,43.56442],[-71.26824,43.56014],[-71.26415,43.56024],[-71.26069,43.55601],[-71.26054,43.55439],[-71.25684,43.55349],[-71.25405,43.55072],[-71.2515,43.55014],[-71.24559,43.55014],[-71.24332,43.54903],[-71.24339,43.54817],[-71.24552,43.5472],[-71.24805,43.54708],[-71.25099,43.54801],[-71.25081,43.54563],[-71.25135,43.54444],[-71.25346,43.54205],[-71.25492,43.54152],[-71.25669,43.54228],[-71.26119,43.5461],[-71.26438,43.54991],[-71.26506,43.55287],[-71.27204,43.55127],[-71.27189,43.54923],[-71.27359,43.54786],[-71.27373,43.54706],[-71.27237,43.54664],[-71.26845,43.54789],[-71.26805,43.54485],[-71.2671,43.54329],[-71.2589,43.53699],[-71.25667,43.53609],[-71.25708,43.53252],[-71.2558,43.53026],[-71.25471,43.53019],[-71.25347,43.53141],[-71.25042,43.53564],[-71.24743,43.54146],[-71.24454,43.54438],[-71.24297,43.5448],[-71.24032,43.54254],[-71.23941,43.54256],[-71.23792,43.54524],[-71.24086,43.54747],[-71.24132,43.54899],[-71.23767,43.55055],[-71.23649,43.55019],[-71.2358,43.54872],[-71.23508,43.54888],[-71.2349,43.5498],[-71.23625,43.55195],[-71.24063,43.556],[-71.24208,43.55965],[-71.24052,43.56059],[-71.23771,43.55931],[-71.23686,43.55949],[-71.23738,43.56318],[-71.23691,43.5658],[-71.24888,43.56759],[-71.26448,43.56716],[-71.27048,43.56772],[-71.27325,43.56963],[-71.27217,43.57111],[-71.27682,43.57301],[-71.28013,43.57697],[-71.27954,43.57739],[-71.27633,43.57661],[-71.2744,43.57728],[-71.27483,43.57823],[-71.27761,43.57859],[-71.27549,43.58005],[-71.27482,43.58327],[-71.27586,43.58387],[-71.28052,43.58365],[-71.28453,43.5844],[-71.28786,43.58581],[-71.2912,43.58853],[-71.29685,43.59516]],[[-71.29433,43.58905],[-71.29033,43.58613],[-71.28256,43.58246],[-71.27908,43.58199],[-71.27627,43.58305],[-71.2766,43.58014],[-71.27728,43.57929],[-71.2802,43.57807],[-71.28698,43.58088],[-71.29042,43.58315],[-71.29383,43.5866],[-71.29486,43.58822],[-71.29433,43.58905]],[[-71.28318,43.57814],[-71.27762,43.57237],[-71.27474,43.57081],[-71.27403,43.56896],[-71.26766,43.56565],[-71.26368,43.56498],[-71.24629,43.56617],[-71.24015,43.56551],[-71.23937,43.56498],[-71.23941,43.56361],[-71.2381,43.561],[-71.24289,43.56211],[-71.24466,43.56132],[-71.24587,43.55967],[-71.24607,43.55607],[-71.24323,43.55249],[-71.24343,43.55157],[-71.24789,43.55105],[-71.25201,43.55143],[-71.25459,43.55282],[-71.26495,43.56113],[-71.26739,43.56113],[-71.27316,43.56462],[-71.28337,43.5695],[-71.28653,43.57451],[-71.2919,43.57771],[-71.29184,43.58015],[-71.29292,43.58267],[-71.29238,43.58285],[-71.28848,43.57989],[-71.28318,43.57814]],[[-71.24436,43.54662],[-71.24322,43.54608],[-71.24622,43.54488],[-71.24811,43.54315],[-71.25426,43.53154],[-71.25586,43.53397],[-71.2539,43.5376],[-71.25648,43.53714],[-71.25847,43.53776],[-71.26445,43.5427],[-71.26406,43.5431],[-71.26175,43.54239],[-71.26146,43.5407],[-71.25878,43.5394],[-71.25341,43.53955],[-71.25161,43.54023],[-71.24789,43.54551],[-71.24436,43.54662]],[[-71.26974,43.54815],[-71.27173,43.5474],[-71.27254,43.54774],[-71.27051,43.54928],[-71.26976,43.54904],[-71.26974,43.54815]]]},"properties":{"a":100,"b":120}},{"type":"Feature","geometry":{"type":"Polygon","coordinates":[[[-71.26551,43.59814],[-71.26651,43.59742],[-71.26768,43.595],[-71.27157,43.59231],[-71.26989,43.59169],[-71.26743,43.59229],[-71.26241,43.58945],[-71.25909,43.58901],[-71.25487,43.58668],[-71.24714,43.58531],[-71.24754,43.58624],[-71.25395,43.58996],[-71.25731,43.59269],[-71.2621,43.59499],[-71.26551,43.59814]]]},"properties":{"a":20,"b":40}},{"type":"Feature","geometry":{"type":"Polygon","coordinates":[[[-71.41797,43.67728],[-71.41887,43.675],[-71.41539,43.66985],[-71.41624,43.66787],[-71.4125,43.66727],[-71.41148,43.66642],[-71.41132,43.66528],[-71.41204,43.66472],[-71.41585,43.66495],[-71.41877,43.66275],[-71.41093,43.66097],[-71.40666,43.65918],[-71.39814,43.6534],[-71.39277,43.64856],[-71.38849,43.64343],[-71.38633,43.64293],[-71.38312,43.63715],[-71.38199,43.63223],[-71.38147,43.63231],[-71.3804,43.63603],[-71.37728,43.63744],[-71.36726,43.63618],[-71.36352,43.6331],[-71.36169,43.62826],[-71.36191,43.62375],[-71.35986,43.6208],[-71.35684,43.61277],[-71.35548,43.61177],[-71.35264,43.61254],[-71.35013,43.61167],[-71.35093,43.6054],[-71.3491,43.60146],[-71.34676,43.59148],[-71.34694,43.58956],[-71.34881,43.58929],[-71.35217,43.59066],[-71.36125,43.59241],[-71.36981,43.59521],[-71.37663,43.59424],[-71.37959,43.5953],[-71.38004,43.5967],[-71.37956,43.59757],[-71.37725,43.59886],[-71.3729,43.59889],[-71.37192,43.59956],[-71.37599,43.59962],[-71.38234,43.59811],[-71.38678,43.59974],[-71.38884,43.60175],[-71.38999,43.6017],[-71.39051,43.60242],[-71.39171,43.60137],[-71.39409,43.60124],[-71.39529,43.60021],[-71.39655,43.59758],[-71.39913,43.59513],[-71.39796,43.5937],[-71.39721,43.59366],[-71.39642,43.59491],[-71.39397,43.59633],[-71.38653,43.59831],[-71.38286,43.59529],[-71.37751,43.59215],[-71.37476,43.5922],[-71.36436,43.58982],[-71.36209,43.58839],[-71.35943,43.5855],[-71.34876,43.58242],[-71.3471,43.58034],[-71.34106,43.57877],[-71.33936,43.57725],[-71.33725,43.57716],[-71.3364,43.5761],[-71.33428,43.57641],[-71.32813,43.57164],[-71.32636,43.57172],[-71.32554,43.57371],[-71.32297,43.57509],[-71.31976,43.57481],[-71.31543,43.57327],[-71.31395,43.57203],[-71.31242,43.56934],[-71.31314,43.56843],[-71.31634,43.56692],[-71.32099,43.56832],[-71.32003,43.56596],[-71.31828,43.56412],[-71.31712,43.56425],[-71.3127,43.56699],[-71.31095,43.5673],[-71.30638,43.5639],[-71.30339,43.56428],[-71.30133,43.56373],[-71.29542,43.55949],[-71.29091,43.55923],[-71.28148,43.55586],[-71.27783,43.55566],[-71.27902,43.55674],[-71.28695,43.55951],[-71.29506,43.56002],[-71.2993,43.56574],[-71.31088,43.57102],[-71.3116,43.57198],[-71.30907,43.57502],[-71.30417,43.57606],[-71.29966,43.57582],[-71.29461,43.57376],[-71.29007,43.57456],[-71.28687,43.57248],[-71.28587,43.57073],[-71.28367,43.56885],[-71.27342,43.56388],[-71.27075,43.56205],[-71.26871,43.55958],[-71.26979,43.55439],[-71.2725,43.55268],[-71.27332,43.54844],[-71.27531,43.54644],[-71.27926,43.54448],[-71.27133,43.546],[-71.26889,43.54743],[-71.26811,43.54234],[-71.26602,43.54026],[-71.25808,43.53546],[-71.2578,43.53176],[-71.2561,43.52918],[-71.25511,43.52912],[-71.25303,43.53048],[-71.24759,43.5394],[-71.2442,43.54281],[-71.24227,43.54285],[-71.23796,43.53915],[-71.23625,43.5392],[-71.23528,43.54194],[-71.23307,43.54372],[-71.2329,43.54753],[-71.23505,43.55289],[-71.2398,43.55733],[-71.24103,43.55968],[-71.24014,43.55988],[-71.23732,43.55846],[-71.23599,43.5586],[-71.23549,43.55959],[-71.23568,43.56424],[-71.23514,43.56555],[-71.23398,43.56617],[-71.23001,43.56612],[-71.22469,43.56473],[-71.22201,43.56478],[-71.22124,43.56543],[-71.22935,43.56654],[-71.23503,43.56894],[-71.23585,43.56868],[-71.23623,43.56696],[-71.23779,43.56652],[-71.24954,43.56945],[-71.27082,43.57],[-71.27099,43.57057],[-71.26799,43.57185],[-71.26623,43.57409],[-71.2673,43.57472],[-71.26915,43.57468],[-71.27278,43.57213],[-71.27579,43.57329],[-71.27578,43.57428],[-71.27241,43.5762],[-71.27387,43.57889],[-71.27313,43.58152],[-71.27444,43.58393],[-71.27761,43.58623],[-71.27874,43.5852],[-71.28024,43.58531],[-71.28975,43.58956],[-71.29379,43.59474],[-71.29793,43.59762],[-71.30031,43.60492],[-71.30092,43.60528],[-71.30181,43.6049],[-71.30471,43.59974],[-71.30915,43.59799],[-71.32042,43.59988],[-71.32586,43.59996],[-71.3246,43.60201],[-71.32498,43.60298],[-71.32914,43.60531],[-71.33195,43.61079],[-71.33626,43.61378],[-71.3381,43.61767],[-71.34142,43.61837],[-71.34591,43.62401],[-71.34767,43.62788],[-71.3584,43.6373],[-71.3617,43.64299],[-71.36159,43.64922],[-71.36349,43.65105],[-71.36561,43.65524],[-71.36745,43.65642],[-71.37025,43.65656],[-71.36791,43.65861],[-71.36753,43.66179],[-71.36896,43.66214],[-71.37123,43.6643],[-71.37282,43.6609],[-71.37607,43.65949],[-71.38071,43.66042],[-71.38496,43.66206],[-71.38737,43.66189],[-71.38319,43.65971],[-71.38253,43.65847],[-71.38277,43.65644],[-71.37883,43.65849],[-71.37453,43.65824],[-71.37183,43.65379],[-71.36631,43.64922],[-71.36386,43.64605],[-71.36334,43.64164],[-71.36505,43.63942],[-71.36919,43.63822],[-71.37513,43.63876],[-71.38042,43.64105],[-71.38247,43.64337],[-71.3844,43.64719],[-71.388,43.65053],[-71.38815,43.65172],[-71.38618,43.65134],[-71.38606,43.65444],[-71.38843,43.65279],[-71.38872,43.65418],[-71.39105,43.65422],[-71.39201,43.65495],[-71.392,43.65629],[-71.38943,43.66154],[-71.3949,43.66263],[-71.39603,43.66547],[-71.39723,43.66388],[-71.4006,43.66331],[-71.40024,43.65783],[-71.40055,43.6571],[-71.40141,43.65706],[-71.40367,43.66426],[-71.40614,43.66562],[-71.40441,43.66857],[-71.40442,43.66986],[-71.40531,43.67023],[-71.4104,43.66963],[-71.41224,43.67168],[-71.41251,43.67538],[-71.41405,43.67586],[-71.41739,43.67541],[-71.41797,43.67728]],[[-71.41804,43.67556],[-71.41612,43.67395],[-71.41399,43.67464],[-71.41291,43.67099],[-71.41021,43.66866],[-71.40694,43.6692],[-71.40901,43.66534],[-71.40317,43.65837],[-71.40408,43.65837],[-71.40751,43.66102],[-71.41505,43.66308],[-71.41485,43.66387],[-71.41171,43.66416],[-71.41107,43.66588],[-71.41211,43.66787],[-71.41416,43.66841],[-71.41504,43.67128],[-71.41808,43.67476],[-71.41804,43.67556]],[[-71.39921,43.65694],[-71.39995,43.6609],[-71.39611,43.66375],[-71.39522,43.66221],[-71.39298,43.6611],[-71.39074,43.66092],[-71.39347,43.65602],[-71.39297,43.65431],[-71.39063,43.65341],[-71.39039,43.65276],[-71.39313,43.65138],[-71.39353,43.65222],[-71.39507,43.65263],[-71.39626,43.65427],[-71.39879,43.65487],[-71.39921,43.65694]],[[-71.38934,43.65044],[-71.38767,43.64835],[-71.38519,43.64716],[-71.38493,43.6453],[-71.38305,43.64306],[-71.38313,43.6421],[-71.3817,43.63989],[-71.37799,43.63898],[-71.37774,43.63834],[-71.38036,43.63844],[-71.38164,43.63718],[-71.38313,43.64086],[-71.38541,43.64341],[-71.38789,43.64458],[-71.39101,43.64953],[-71.38934,43.65044]],[[-71.35268,43.62773],[-71.35087,43.62717],[-71.34904,43.62559],[-71.34945,43.62422],[-71.35154,43.6231],[-71.35745,43.62264],[-71.3596,43.6231],[-71.36133,43.62482],[-71.36117,43.62583],[-71.35896,43.62707],[-71.35268,43.62773]],[[-71.34799,43.62354],[-71.3468,43.62178],[-71.35069,43.61843],[-71.35294,43.61294],[-71.3547,43.61224],[-71.35583,43.61276],[-71.35753,43.61815],[-71.36152,43.6235],[-71.35838,43.62198],[-71.35506,43.62148],[-71.35073,43.62222],[-71.34799,43.62354]],[[-71.34719,43.62008],[-71.34607,43.6194],[-71.34499,43.61458],[-71.34702,43.61138],[-71.3485,43.6064],[-71.34849,43.61316],[-71.35102,43.61285],[-71.35175,43.61376],[-71.35061,43.61625],[-71.34719,43.62008]],[[-71.33901,43.61567],[-71.33848,43.61528],[-71.33841,43.61308],[-71.33401,43.61078],[-71.33038,43.60431],[-71.32675,43.60252],[-71.32639,43.60166],[-71.32696,43.60023],[-71.32592,43.59894],[-71.32383,43.59837],[-71.31905,43.59879],[-71.31526,43.59835],[-71.30603,43.59581],[-71.30039,43.59627],[-71.29964,43.59503],[-71.30054,43.59263],[-71.3025,43.59172],[-71.30774,43.59137],[-71.3163,43.59411],[-71.32075,43.59356],[-71.32432,43.58939],[-71.32839,43.58134],[-71.32889,43.57881],[-71.32834,43.57405],[-71.32896,43.57338],[-71.33039,43.58099],[-71.32803,43.58523],[-71.32759,43.58776],[-71.32804,43.58897],[-71.32934,43.5887],[-71.33223,43.58594],[-71.33496,43.5808],[-71.34188,43.58532],[-71.34535,43.58614],[-71.351,43.58555],[-71.35619,43.5883],[-71.35976,43.5884],[-71.36665,43.59111],[-71.37735,43.59318],[-71.36699,43.59359],[-71.35973,43.59089],[-71.35474,43.59073],[-71.35035,43.5891],[-71.3469,43.58913],[-71.34562,43.59077],[-71.3455,43.59298],[-71.34696,43.6055],[-71.34672,43.60993],[-71.34591,43.61137],[-71.34468,43.61208],[-71.34063,43.61151],[-71.33999,43.61469],[-71.33901,43.61567]],[[-71.29704,43.59516],[-71.2912,43.58853],[-71.28786,43.58581],[-71.28453,43.5844],[-71.28052,43.58365],[-71.27586,43.58387],[-71.27482,43.58327],[-71.27549,43.58005],[-71.27761,43.57859],[-71.27483,43.57823],[-71.2744,43.57728],[-71.27633,43.57661],[-71.27954,43.57739],[-71.28013,43.57697],[-71.27682,43.57301],[-71.27217,43.57111],[-71.27325,43.56963],[-71.27048,43.56772],[-71.26448,43.56716],[-71.24888,43.56759],[-71.23691,43.5658],[-71.23738,43.56318],[-71.23686,43.55949],[-71.23771,43.55931],[-71.24052,43.56059],[-71.24208,43.55965],[-71.24063,43.556],[-71.23625,43.55195],[-71.2349,43.5498],[-71.23508,43.54888],[-71.2358,43.54872],[-71.23649,43.55019],[-71.23767,43.55055],[-71.24132,43.54899],[-71.24086,43.54747],[-71.23792,43.54524],[-71.23941,43.54256],[-71.24032,43.54254],[-71.24297,43.5448],[-71.24454,43.54438],[-71.24743,43.54146],[-71.25042,43.53564],[-71.25347,43.53141],[-71.25471,43.53019],[-71.2558,43.53026],[-71.25708,43.53252],[-71.25667,43.53609],[-71.2589,43.53699],[-71.2671,43.54329],[-71.26805,43.54485],[-71.26845,43.54789],[-71.27237,43.54664],[-71.27373,43.54706],[-71.27359,43.54786],[-71.27189,43.54923],[-71.27204,43.55127],[-71.26506,43.55287],[-71.26438,43.54991],[-71.26119,43.5461],[-71.25669,43.54228],[-71.25492,43.54152],[-71.25346,43.54205],[-71.25135,43.54444],[-71.25081,43.54563],[-71.25099,43.54801],[-71.24805,43.54708],[-71.24552,43.5472],[-71.24339,43.54817],[-71.24332,43.54903],[-71.24559,43.55014],[-71.2515,43.55014],[-71.25405,43.55072],[-71.25684,43.55349],[-71.26054,43.55439],[-71.26069,43.55601],[-71.26415,43.56024],[-71.26824,43.56014],[-71.2739,43.56442],[-71.28424,43.56958],[-71.28799,43.57477],[-71.29307,43.57607],[-71.2936,43.57706],[-71.29368,43.58147],[-71.29506,43.58512],[-71.29803,43.58748],[-71.29672,43.59052],[-71.29763,43.5944],[-71.29704,43.59516]],[[-71.28557,43.58665],[-71.28341,43.58532],[-71.28597,43.58552],[-71.28623,43.58624],[-71.28557,43.58665]],[[-71.23756,43.54875],[-71.23953,43.54785],[-71.24007,43.54826],[-71.23888,43.54968],[-71.23801,43.5496],[-71.23756,43.54875]],[[-71.26383,43.5529],[-71.26327,43.55414],[-71.26475,43.5542],[-71.26409,43.55502],[-71.26411,43.55642],[-71.26605,43.55933],[-71.26328,43.55766],[-71.26209,43.55446],[-71.25742,43.5529],[-71.25699,43.55193],[-71.25764,43.55037],[-71.25733,43.54912],[-71.25581,43.5506],[-71.25249,43.54929],[-71.25184,43.54735],[-71.25254,43.54477],[-71.25454,43.54316],[-71.2577,43.54416],[-71.26294,43.55068],[-71.26383,43.5529]],[[-71.26766,43.55593],[-71.26862,43.55636],[-71.26842,43.55787],[-71.26694,43.55854],[-71.26601,43.55695],[-71.26766,43.55593]],[[-71.24765,43.54982],[-71.24479,43.54942],[-71.24429,43.54838],[-71.24627,43.54766],[-71.25076,43.54877],[-71.24765,43.54982]],[[-71.30949,43.57609],[-71.30969,43.57539],[-71.31356,43.57287],[-71.31959,43.57606],[-71.31639,43.57644],[-71.31392,43.57494],[-71.30949,43.57609]],[[-71.32491,43.57513],[-71.32558,43.57484],[-71.32593,43.5756],[-71.32483,43.585],[-71.32191,43.5903],[-71.31979,43.59255],[-71.31619,43.59321],[-71.31201,43.59117],[-71.30891,43.59054],[-71.30361,43.5905],[-71.30072,43.59154],[-71.29898,43.59045],[-71.29876,43.58861],[-71.30124,43.58752],[-71.29822,43.58639],[-71.29752,43.58493],[-71.29776,43.57966],[-71.29883,43.57827],[-71.30248,43.57705],[-71.31174,43.57683],[-71.31347,43.57605],[-71.31462,43.57659],[-71.31487,43.57798],[-71.3155,43.57828],[-71.32161,43.57734],[-71.32491,43.57513]],[[-71.32693,43.57687],[-71.32755,43.57731],[-71.32727,43.57984],[-71.32568,43.58196],[-71.32612,43.57794],[-71.32693,43.57687]],[[-71.33158,43.57568],[-71.33344,43.57662],[-71.33441,43.57869],[-71.33997,43.57932],[-71.34574,43.58304],[-71.34616,43.5842],[-71.34525,43.58473],[-71.34168,43.58464],[-71.33614,43.58039],[-71.33395,43.5798],[-71.33322,43.58053],[-71.332,43.58491],[-71.3287,43.58795],[-71.33081,43.58326],[-71.33092,43.57702],[-71.33158,43.57568]],[[-71.34387,43.58032],[-71.34607,43.58096],[-71.34691,43.58211],[-71.34426,43.58136],[-71.3436,43.58078],[-71.34387,43.58032]],[[-71.35539,43.58462],[-71.35929,43.58642],[-71.35991,43.58772],[-71.35605,43.58783],[-71.35512,43.58552],[-71.35539,43.58462]],[[-71.39116,43.59853],[-71.39458,43.59701],[-71.39553,43.59717],[-71.39298,43.59987],[-71.38994,43.59991],[-71.39116,43.59853]],[[-71.30812,43.56907],[-71.30013,43.5653],[-71.29931,43.56417],[-71.30102,43.56513],[-71.30273,43.56508],[-71.30497,43.56681],[-71.30683,43.56589],[-71.3091,43.56757],[-71.31167,43.56813],[-71.30812,43.56907]],[[-71.36273,43.6473],[-71.36424,43.64855],[-71.36405,43.6495],[-71.36257,43.6495],[-71.36204,43.64806],[-71.36273,43.6473]],[[-71.36683,43.65267],[-71.36953,43.65409],[-71.37039,43.65553],[-71.36888,43.65583],[-71.36702,43.6545],[-71.3665,43.65339],[-71.36683,43.65267]],[[-71.37084,43.65716],[-71.37129,43.65751],[-71.37081,43.65848],[-71.3695,43.65963],[-71.36857,43.6596],[-71.36929,43.65822],[-71.37084,43.65716]],[[-71.37216,43.65795],[-71.37278,43.6586],[-71.37091,43.6593],[-71.37216,43.65795]]]},"properties":{"a":80,"b":100}},{"type":"Feature","geometry":{"type":"Polygon","coordinates":[[[-71.44296,43.69362],[-71.44371,43.69343],[-71.44352,43.69184],[-71.44061,43.68738],[-71.44116,43.68515],[-71.44098,43.68097],[-71.43902,43.67851],[-71.43822,43.67859],[-71.43749,43.6797],[-71.43596,43.67769],[-71.43374,43.67796],[-71.43085,43.67243],[-71.43119,43.66978],[-71.43301,43.66864],[-71.43319,43.6678],[-71.43413,43.66745],[-71.43591,43.6683],[-71.43587,43.66784],[-71.43163,43.6656],[-71.43024,43.66674],[-71.42834,43.66635],[-71.42672,43.6678],[-71.42415,43.6663],[-71.42216,43.66791],[-71.41786,43.66766],[-71.41688,43.66686],[-71.41706,43.66561],[-71.42111,43.66283],[-71.42103,43.66162],[-71.41674,43.66191],[-71.40759,43.65912],[-71.39833,43.65315],[-71.38492,43.63855],[-71.38328,43.63231],[-71.38265,43.62654],[-71.38189,43.62541],[-71.38116,43.62567],[-71.38157,43.62922],[-71.37869,43.632],[-71.3801,43.63446],[-71.37884,43.63671],[-71.37586,43.63692],[-71.36658,43.63497],[-71.36415,43.63219],[-71.36402,43.62923],[-71.36252,43.62708],[-71.36252,43.62387],[-71.36166,43.6219],[-71.36275,43.61957],[-71.36261,43.61836],[-71.35988,43.61584],[-71.35751,43.61246],[-71.35753,43.6114],[-71.35859,43.61022],[-71.3557,43.61047],[-71.35316,43.6118],[-71.35178,43.61163],[-71.35127,43.61093],[-71.35103,43.6093],[-71.35191,43.60822],[-71.35742,43.60755],[-71.3567,43.60685],[-71.35398,43.60708],[-71.35164,43.60428],[-71.34897,43.59713],[-71.34928,43.59304],[-71.35081,43.59143],[-71.35985,43.59292],[-71.36893,43.59615],[-71.37508,43.59469],[-71.37748,43.59491],[-71.37863,43.59616],[-71.37863,43.59763],[-71.37788,43.59829],[-71.37313,43.59774],[-71.37069,43.59844],[-71.37213,43.60401],[-71.37299,43.60401],[-71.37312,43.60249],[-71.37401,43.60131],[-71.37821,43.59951],[-71.38188,43.59915],[-71.38497,43.60005],[-71.3885,43.60237],[-71.38912,43.60371],[-71.38856,43.60524],[-71.38452,43.6052],[-71.3842,43.6058],[-71.38651,43.60881],[-71.38699,43.61204],[-71.38784,43.61246],[-71.38838,43.61216],[-71.3895,43.60575],[-71.39148,43.60288],[-71.39279,43.6025],[-71.39792,43.60323],[-71.39713,43.6003],[-71.39731,43.59817],[-71.39954,43.596],[-71.40142,43.5957],[-71.40352,43.5966],[-71.40546,43.60603],[-71.40449,43.60728],[-71.40222,43.60608],[-71.40251,43.60966],[-71.40097,43.61099],[-71.40243,43.61245],[-71.40394,43.61627],[-71.40299,43.61876],[-71.40333,43.62164],[-71.40175,43.62424],[-71.40225,43.62547],[-71.40615,43.62588],[-71.40656,43.62643],[-71.40598,43.62763],[-71.40855,43.62761],[-71.40935,43.62974],[-71.4102,43.63004],[-71.41289,43.62428],[-71.41631,43.62357],[-71.41914,43.62485],[-71.42066,43.62437],[-71.41992,43.6231],[-71.41518,43.6226],[-71.41532,43.62162],[-71.41849,43.61932],[-71.42177,43.61836],[-71.42406,43.6213],[-71.42543,43.62197],[-71.42613,43.62184],[-71.42619,43.62034],[-71.42693,43.61973],[-71.43212,43.61975],[-71.43206,43.61922],[-71.42723,43.61871],[-71.42081,43.61573],[-71.41669,43.61265],[-71.40749,43.60372],[-71.40667,43.60149],[-71.40796,43.59952],[-71.40984,43.59883],[-71.41507,43.59851],[-71.41289,43.59833],[-71.41074,43.59657],[-71.40667,43.58687],[-71.40589,43.5875],[-71.40665,43.59111],[-71.39998,43.59292],[-71.39498,43.59157],[-71.39578,43.59384],[-71.39543,43.59453],[-71.39145,43.59653],[-71.38644,43.59767],[-71.3841,43.5953],[-71.38264,43.59467],[-71.38228,43.59316],[-71.37808,43.59186],[-71.37814,43.59123],[-71.37479,43.59145],[-71.36591,43.5897],[-71.36367,43.58859],[-71.36181,43.58628],[-71.36318,43.58333],[-71.36245,43.58225],[-71.35793,43.5833],[-71.35601,43.58203],[-71.35388,43.58154],[-71.35194,43.58258],[-71.34757,43.579],[-71.3449,43.57883],[-71.3393,43.57619],[-71.33401,43.57495],[-71.33359,43.57271],[-71.3326,43.5714],[-71.32978,43.57009],[-71.32497,43.56988],[-71.32077,43.56361],[-71.3166,43.5612],[-71.31348,43.56144],[-71.31114,43.5604],[-71.2993,43.55956],[-71.29831,43.55877],[-71.29961,43.55701],[-71.29732,43.55818],[-71.28959,43.55849],[-71.28684,43.55675],[-71.28501,43.55649],[-71.28257,43.55433],[-71.27536,43.55583],[-71.27578,43.55675],[-71.28688,43.56019],[-71.29461,43.5601],[-71.29565,43.56102],[-71.2976,43.5657],[-71.30744,43.56988],[-71.30852,43.571],[-71.30876,43.57303],[-71.30799,43.57507],[-71.30416,43.57531],[-71.30169,43.57455],[-71.29855,43.57475],[-71.29473,43.57304],[-71.29072,43.57286],[-71.27307,43.56334],[-71.27036,43.56126],[-71.26912,43.5593],[-71.27102,43.55536],[-71.27219,43.5546],[-71.27403,43.55505],[-71.27465,43.55191],[-71.27345,43.55017],[-71.27448,43.54843],[-71.27865,43.54545],[-71.28311,43.54537],[-71.28343,43.54491],[-71.27923,43.54411],[-71.27341,43.54417],[-71.26936,43.54644],[-71.27105,43.54305],[-71.27105,43.54173],[-71.26937,43.5404],[-71.26393,43.53812],[-71.25991,43.5347],[-71.25871,43.53009],[-71.25641,43.52761],[-71.2516,43.53096],[-71.24641,43.53864],[-71.24518,43.53859],[-71.2436,43.53642],[-71.24107,43.53521],[-71.23483,43.53524],[-71.23293,43.53631],[-71.2326,43.53958],[-71.23321,43.54239],[-71.23173,43.5439],[-71.23128,43.54616],[-71.23397,43.55102],[-71.23509,43.55454],[-71.23846,43.55742],[-71.23603,43.55778],[-71.23458,43.55869],[-71.23435,43.56099],[-71.23502,43.56298],[-71.23355,43.56487],[-71.23055,43.56561],[-71.22839,43.56525],[-71.2215,43.56123],[-71.21801,43.55703],[-71.21883,43.56014],[-71.217,43.56162],[-71.21221,43.56388],[-71.20848,43.56377],[-71.20915,43.56511],[-71.20818,43.56574],[-71.20174,43.56639],[-71.20721,43.56671],[-71.20979,43.56759],[-71.21828,43.57518],[-71.22111,43.57481],[-71.21907,43.56916],[-71.21943,43.56734],[-71.22058,43.56656],[-71.22884,43.567],[-71.23571,43.57019],[-71.23646,43.56977],[-71.23679,43.56754],[-71.23828,43.56724],[-71.2434,43.56833],[-71.24706,43.57039],[-71.25079,43.57137],[-71.25719,43.56994],[-71.26491,43.57097],[-71.26711,43.57072],[-71.2675,43.57149],[-71.26505,43.57475],[-71.26594,43.57579],[-71.2677,43.57634],[-71.27017,43.57603],[-71.27218,43.57348],[-71.27343,43.57332],[-71.2739,43.57436],[-71.27192,43.57571],[-71.27139,43.57731],[-71.27369,43.58335],[-71.27806,43.58806],[-71.28023,43.58752],[-71.28254,43.58805],[-71.2888,43.59115],[-71.29831,43.60359],[-71.30036,43.61069],[-71.29936,43.61307],[-71.29743,43.61483],[-71.29776,43.61551],[-71.29958,43.61509],[-71.30271,43.61159],[-71.30223,43.6061],[-71.30339,43.60404],[-71.30557,43.60282],[-71.30736,43.60279],[-71.30973,43.60375],[-71.31087,43.60523],[-71.31198,43.60273],[-71.31271,43.60246],[-71.31346,43.60333],[-71.31423,43.60718],[-71.31745,43.61243],[-71.31844,43.61248],[-71.31867,43.61146],[-71.31936,43.61124],[-71.32751,43.61247],[-71.33183,43.61597],[-71.3412,43.62026],[-71.34503,43.62478],[-71.34494,43.62731],[-71.34928,43.63033],[-71.35786,43.63843],[-71.3606,43.64228],[-71.36131,43.64542],[-71.35907,43.64965],[-71.35888,43.65229],[-71.36089,43.65541],[-71.36531,43.66026],[-71.36531,43.662],[-71.36424,43.66322],[-71.36462,43.66399],[-71.3689,43.66525],[-71.3726,43.66722],[-71.37327,43.66681],[-71.37347,43.66368],[-71.37575,43.66213],[-71.37891,43.662],[-71.38462,43.66314],[-71.38976,43.66235],[-71.39109,43.66319],[-71.39303,43.66269],[-71.39476,43.66379],[-71.39509,43.66711],[-71.39564,43.66749],[-71.39845,43.66448],[-71.40111,43.66419],[-71.40389,43.6661],[-71.40326,43.66978],[-71.40387,43.67108],[-71.40499,43.67188],[-71.40855,43.67235],[-71.41235,43.67653],[-71.41676,43.6763],[-71.41742,43.67832],[-71.41809,43.67867],[-71.41925,43.67587],[-71.42058,43.67498],[-71.41707,43.67221],[-71.41687,43.66872],[-71.41846,43.66809],[-71.4258,43.66953],[-71.42839,43.67113],[-71.42929,43.67292],[-71.42892,43.67572],[-71.42609,43.6785],[-71.42874,43.68388],[-71.42927,43.6873],[-71.4312,43.68831],[-71.43533,43.68656],[-71.43734,43.68714],[-71.44037,43.68941],[-71.44296,43.69362]],[[-71.44056,43.6891],[-71.43836,43.68725],[-71.43536,43.68594],[-71.43,43.68703],[-71.42803,43.6811],[-71.42811,43.67966],[-71.42878,43.67968],[-71.42977,43.68194],[-71.43268,43.68124],[-71.43789,43.68403],[-71.43955,43.68589],[-71.44056,43.6891]],[[-71.4296,43.67054],[-71.42906,43.6703],[-71.42916,43.66872],[-71.42796,43.66844],[-71.42795,43.66792],[-71.43302,43.66662],[-71.43276,43.6676],[-71.4296,43.67054]],[[-71.42571,43.66898],[-71.42483,43.6682],[-71.42704,43.66858],[-71.42571,43.66898]],[[-71.41628,43.66806],[-71.41539,43.66985],[-71.41887,43.675],[-71.41802,43.67731],[-71.41739,43.67541],[-71.41405,43.67586],[-71.41251,43.67538],[-71.41224,43.67168],[-71.4104,43.66963],[-71.40531,43.67023],[-71.40442,43.66986],[-71.40441,43.66857],[-71.40614,43.66562],[-71.40367,43.66426],[-71.40141,43.65706],[-71.40055,43.6571],[-71.40024,43.65783],[-71.4006,43.66331],[-71.39723,43.66388],[-71.39603,43.66547],[-71.3949,43.66263],[-71.38943,43.66154],[-71.392,43.65629],[-71.39189,43.65478],[-71.39095,43.6542],[-71.38872,43.65418],[-71.38843,43.65279],[-71.38602,43.65439],[-71.38621,43.65128],[-71.38815,43.65172],[-71.38829,43.65103],[-71.3844,43.64719],[-71.38242,43.64328],[-71.3798,43.6405],[-71.37501,43.63872],[-71.37097,43.63817],[-71.36628,43.63882],[-71.36389,43.64039],[-71.36336,43.64411],[-71.36438,43.64684],[-71.36653,43.64942],[-71.37183,43.65379],[-71.37453,43.65824],[-71.37883,43.65849],[-71.38277,43.65644],[-71.38253,43.65847],[-71.38327,43.6598],[-71.38741,43.66169],[-71.38685,43.6622],[-71.38518,43.66211],[-71.37607,43.65949],[-71.37329,43.66048],[-71.37217,43.66173],[-71.37179,43.664],[-71.37056,43.66397],[-71.369,43.66217],[-71.36739,43.66137],[-71.36798,43.65849],[-71.37025,43.65656],[-71.36745,43.65642],[-71.36561,43.65524],[-71.36349,43.65105],[-71.36159,43.64922],[-71.3617,43.64299],[-71.3584,43.6373],[-71.34767,43.62788],[-71.34591,43.62401],[-71.34142,43.61837],[-71.3381,43.61767],[-71.33626,43.61378],[-71.33195,43.61079],[-71.32914,43.60531],[-71.32498,43.60298],[-71.3246,43.60201],[-71.32586,43.59996],[-71.32042,43.59988],[-71.30915,43.59799],[-71.30471,43.59974],[-71.30176,43.60496],[-71.30069,43.60518],[-71.29793,43.59762],[-71.29379,43.59474],[-71.28975,43.58956],[-71.28024,43.58531],[-71.27874,43.5852],[-71.27761,43.58623],[-71.27444,43.58393],[-71.27313,43.58152],[-71.27387,43.57889],[-71.27241,43.5762],[-71.27578,43.57428],[-71.27579,43.57329],[-71.27278,43.57213],[-71.26915,43.57468],[-71.2673,43.57472],[-71.26623,43.57409],[-71.26799,43.57185],[-71.27099,43.57057],[-71.27082,43.57],[-71.24954,43.56945],[-71.23779,43.56652],[-71.23623,43.56696],[-71.23585,43.56868],[-71.23503,43.56894],[-71.22935,43.56654],[-71.22129,43.56547],[-71.22201,43.56478],[-71.22446,43.56472],[-71.23023,43.56616],[-71.2341,43.56614],[-71.23514,43.56555],[-71.23568,43.56424],[-71.23549,43.55959],[-71.23599,43.5586],[-71.23732,43.55846],[-71.24014,43.55988],[-71.24103,43.55968],[-71.24028,43.55787],[-71.23496,43.55273],[-71.23288,43.54743],[-71.23313,43.54362],[-71.23528,43.54194],[-71.23684,43.53887],[-71.23804,43.53921],[-71.24206,43.54275],[-71.24465,43.54255],[-71.24759,43.5394],[-71.25303,43.53048],[-71.25594,43.52912],[-71.2578,43.53176],[-71.25808,43.53546],[-71.26602,43.54026],[-71.26811,43.54234],[-71.26889,43.54743],[-71.27133,43.546],[-71.27926,43.54448],[-71.27531,43.54644],[-71.27332,43.54844],[-71.2725,43.55268],[-71.26979,43.55439],[-71.26871,43.55958],[-71.27075,43.56205],[-71.27342,43.56388],[-71.28367,43.56885],[-71.28587,43.57073],[-71.28687,43.57248],[-71.28934,43.57429],[-71.29143,43.57473],[-71.29461,43.57376],[-71.29966,43.57582],[-71.30417,43.57606],[-71.30907,43.57502],[-71.3116,43.57198],[-71.31088,43.57102],[-71.2993,43.56574],[-71.29506,43.56002],[-71.28695,43.55951],[-71.27902,43.55674],[-71.27783,43.55566],[-71.28148,43.55586],[-71.29091,43.55923],[-71.29542,43.55949],[-71.30133,43.56373],[-71.30339,43.56428],[-71.30638,43.5639],[-71.31095,43.5673],[-71.3127,43.56699],[-71.31712,43.56425],[-71.31828,43.56412],[-71.32003,43.56596],[-71.32099,43.56832],[-71.31634,43.56692],[-71.31314,43.56843],[-71.31242,43.56934],[-71.31395,43.57203],[-71.31543,43.57327],[-71.31976,43.57481],[-71.32297,43.57509],[-71.32554,43.57371],[-71.32636,43.57172],[-71.32813,43.57164],[-71.33428,43.57641],[-71.3364,43.5761],[-71.33725,43.57716],[-71.33936,43.57725],[-71.34106,43.57877],[-71.3471,43.58034],[-71.34876,43.58242],[-71.35943,43.5855],[-71.36209,43.58839],[-71.36436,43.58982],[-71.37476,43.5922],[-71.37751,43.59215],[-71.38286,43.59529],[-71.38653,43.59831],[-71.39397,43.59633],[-71.39642,43.59491],[-71.39721,43.59366],[-71.39796,43.5937],[-71.39913,43.59513],[-71.39655,43.59758],[-71.39529,43.60021],[-71.39409,43.60124],[-71.39171,43.60137],[-71.39051,43.60242],[-71.38999,43.6017],[-71.38884,43.60175],[-71.38678,43.59974],[-71.38234,43.59811],[-71.37599,43.59962],[-71.37192,43.59956],[-71.3729,43.59889],[-71.37725,43.59886],[-71.37956,43.59757],[-71.38004,43.5967],[-71.37959,43.5953],[-71.37663,43.59424],[-71.36981,43.59521],[-71.36125,43.59241],[-71.35217,43.59066],[-71.34881,43.58929],[-71.34694,43.58956],[-71.34676,43.59148],[-71.3491,43.60146],[-71.35093,43.6054],[-71.35013,43.61167],[-71.35264,43.61254],[-71.35548,43.61177],[-71.35684,43.61277],[-71.35986,43.6208],[-71.36191,43.62375],[-71.36169,43.62826],[-71.36397,43.63362],[-71.36737,43.63621],[-71.37742,43.63743],[-71.38048,43.63594],[-71.38147,43.63231],[-71.38199,43.63223],[-71.38312,43.63715],[-71.38633,43.64293],[-71.38849,43.64343],[-71.39277,43.64856],[-71.39814,43.6534],[-71.40666,43.65918],[-71.41093,43.66097],[-71.41877,43.66275],[-71.41585,43.66495],[-71.41213,43.66471],[-71.41135,43.66515],[-71.41148,43.66642],[-71.4125,43.66727],[-71.41628,43.66806]],[[-71.38767,43.66095],[-71.38465,43.66001],[-71.38353,43.65872],[-71.38344,43.65696],[-71.38626,43.6554],[-71.3913,43.65533],[-71.39153,43.65602],[-71.38964,43.65969],[-71.38767,43.66095]],[[-71.3813,43.65642],[-71.37763,43.65815],[-71.37579,43.65777],[-71.37276,43.65271],[-71.36504,43.64546],[-71.36417,43.64352],[-71.36444,43.6422],[-71.37119,43.63895],[-71.37771,43.64006],[-71.38081,43.64229],[-71.38294,43.6456],[-71.38324,43.64781],[-71.38645,43.65012],[-71.38492,43.65287],[-71.38461,43.65501],[-71.3813,43.65642]],[[-71.33481,43.6151],[-71.33423,43.61386],[-71.33496,43.6133],[-71.33566,43.61412],[-71.33481,43.6151]],[[-71.33117,43.61313],[-71.3269,43.61137],[-71.31829,43.61001],[-71.31598,43.60472],[-71.314,43.6024],[-71.31039,43.59973],[-71.32094,43.60159],[-71.32728,43.60461],[-71.3291,43.60664],[-71.33018,43.61046],[-71.33169,43.61247],[-71.33117,43.61313]],[[-71.21808,43.56646],[-71.21682,43.56917],[-71.21719,43.57131],[-71.21677,43.57169],[-71.21075,43.56726],[-71.21381,43.56598],[-71.21468,43.56485],[-71.21763,43.56552],[-71.21808,43.56646]],[[-71.21786,43.56488],[-71.21592,43.56437],[-71.21564,43.56363],[-71.21795,43.56234],[-71.22043,43.56332],[-71.21902,43.56485],[-71.21786,43.56488]],[[-71.24303,43.5398],[-71.2444,43.54058],[-71.24423,43.54149],[-71.24253,43.54104],[-71.24303,43.5398]],[[-71.31236,43.56566],[-71.31313,43.56599],[-71.31293,43.5666],[-71.31074,43.56676],[-71.31236,43.56566]],[[-71.31808,43.5684],[-71.32419,43.57074],[-71.32556,43.57198],[-71.32554,43.57334],[-71.32355,43.57458],[-71.32121,43.57469],[-71.31546,43.57267],[-71.31441,43.57108],[-71.31487,43.56912],[-71.31635,43.568],[-71.31808,43.5684]],[[-71.40244,43.59367],[-71.4068,43.59214],[-71.406,43.59488],[-71.40741,43.59726],[-71.40582,43.60012],[-71.40671,43.60392],[-71.41822,43.61493],[-71.42162,43.6172],[-71.41292,43.62142],[-71.40951,43.62632],[-71.40851,43.62624],[-71.40826,43.62512],[-71.4068,43.6243],[-71.40352,43.62492],[-71.40275,43.62449],[-71.40444,43.62238],[-71.40567,43.61787],[-71.40346,43.61328],[-71.40639,43.61177],[-71.4064,43.61014],[-71.40494,43.60843],[-71.40653,43.60805],[-71.40599,43.60743],[-71.40691,43.60718],[-71.40699,43.60647],[-71.40556,43.60402],[-71.40522,43.59767],[-71.40382,43.59571],[-71.40184,43.5944],[-71.40244,43.59367]],[[-71.41242,43.66518],[-71.41471,43.66532],[-71.41515,43.66603],[-71.41336,43.66711],[-71.41206,43.6659],[-71.41242,43.66518]]]},"properties":{"a":40,"b":60}},{"type":"Feature","geometry":{"type":"Polygon","coordinates":[[[-71.45629,43.70612],[-71.45688,43.70582],[-71.45659,43.70481],[-71.45207,43.70247],[-71.45035,43.70007],[-71.44791,43.69928],[-71.44618,43.69722],[-71.44622,43.69472],[-71.44911,43.6944],[-71.4467,43.69107],[-71.44592,43.68615],[-71.44761,43.68304],[-71.44983,43.68275],[-71.44974,43.68002],[-71.4485,43.67645],[-71.44483,43.67427],[-71.44185,43.6711],[-71.43779,43.66818],[-71.43359,43.66623],[-71.43192,43.66432],[-71.4317,43.66305],[-71.43059,43.66324],[-71.43077,43.6657],[-71.42956,43.6651],[-71.42512,43.66612],[-71.42185,43.66459],[-71.42237,43.65896],[-71.42349,43.65725],[-71.42281,43.6551],[-71.42447,43.65382],[-71.42465,43.65291],[-71.42327,43.65075],[-71.42369,43.64919],[-71.42071,43.64816],[-71.41713,43.64287],[-71.41471,43.6422],[-71.4149,43.64083],[-71.41354,43.63986],[-71.41513,43.63882],[-71.41508,43.63645],[-71.41336,43.63655],[-71.41254,43.63468],[-71.41074,43.6346],[-71.4119,43.63637],[-71.41052,43.64056],[-71.41269,43.64436],[-71.41315,43.65029],[-71.42159,43.65848],[-71.42142,43.66001],[-71.41897,43.66095],[-71.41486,43.66084],[-71.4075,43.65829],[-71.39966,43.65371],[-71.39081,43.64406],[-71.38694,43.63859],[-71.38416,43.6324],[-71.38393,43.62375],[-71.38147,43.61899],[-71.38138,43.61747],[-71.38276,43.61659],[-71.38687,43.6158],[-71.39367,43.61842],[-71.39529,43.61835],[-71.39456,43.61733],[-71.39052,43.61662],[-71.38948,43.61591],[-71.39077,43.6072],[-71.3935,43.6046],[-71.3982,43.60453],[-71.40013,43.60559],[-71.40131,43.60708],[-71.40124,43.60924],[-71.39981,43.61134],[-71.40169,43.61329],[-71.40292,43.61593],[-71.40183,43.61871],[-71.40212,43.62191],[-71.40098,43.62387],[-71.40093,43.62538],[-71.40164,43.62619],[-71.40436,43.62671],[-71.40348,43.62795],[-71.40389,43.6287],[-71.40748,43.62838],[-71.40833,43.63063],[-71.40944,43.63104],[-71.418,43.62584],[-71.42071,43.62563],[-71.42353,43.62272],[-71.42514,43.62266],[-71.42687,43.62418],[-71.4274,43.62717],[-71.43027,43.63141],[-71.43125,43.63451],[-71.43424,43.63543],[-71.4343,43.63426],[-71.42979,43.62831],[-71.42776,43.62333],[-71.42785,43.62151],[-71.43167,43.62178],[-71.43434,43.61897],[-71.43789,43.6219],[-71.43952,43.62229],[-71.43989,43.6218],[-71.4368,43.61896],[-71.42471,43.61698],[-71.42104,43.61542],[-71.40837,43.60398],[-71.40729,43.602],[-71.40796,43.60028],[-71.41002,43.59941],[-71.41564,43.59922],[-71.41923,43.60119],[-71.42334,43.59974],[-71.42662,43.60032],[-71.42674,43.59972],[-71.42427,43.59895],[-71.42335,43.59784],[-71.41871,43.59805],[-71.41334,43.59625],[-71.40947,43.59154],[-71.4074,43.58565],[-71.40483,43.58429],[-71.40368,43.58439],[-71.40254,43.58595],[-71.40088,43.58657],[-71.40139,43.58842],[-71.40032,43.59111],[-71.39975,43.59079],[-71.39912,43.59133],[-71.39668,43.58991],[-71.3911,43.58961],[-71.39101,43.59027],[-71.39354,43.59269],[-71.39333,43.5946],[-71.38956,43.59653],[-71.38636,43.59707],[-71.38545,43.59635],[-71.38543,43.59489],[-71.38306,43.5943],[-71.38268,43.59301],[-71.37867,43.59019],[-71.37896,43.58927],[-71.3804,43.58898],[-71.38028,43.58844],[-71.37656,43.58784],[-71.37415,43.5889],[-71.37254,43.58864],[-71.37133,43.58727],[-71.37088,43.58426],[-71.36978,43.58336],[-71.36526,43.58255],[-71.35673,43.57896],[-71.35486,43.57909],[-71.35365,43.58081],[-71.35175,43.58094],[-71.34764,43.5784],[-71.34286,43.57682],[-71.33262,43.56993],[-71.32922,43.56544],[-71.32448,43.56304],[-71.32171,43.56328],[-71.32095,43.5618],[-71.31737,43.56029],[-71.31444,43.56063],[-71.31195,43.5589],[-71.30977,43.5591],[-71.30647,43.55818],[-71.30138,43.55878],[-71.30091,43.5578],[-71.30239,43.55517],[-71.30097,43.55231],[-71.28673,43.54458],[-71.27182,43.54354],[-71.27144,43.54098],[-71.26384,43.5375],[-71.25979,43.53314],[-71.25979,43.53079],[-71.2629,43.52842],[-71.26391,43.5193],[-71.26217,43.51243],[-71.25847,43.50374],[-71.25168,43.49724],[-71.24658,43.48923],[-71.23804,43.48225],[-71.24287,43.48712],[-71.24609,43.49329],[-71.24805,43.49504],[-71.24973,43.49939],[-71.25442,43.50304],[-71.25425,43.50902],[-71.25755,43.51861],[-71.25758,43.52534],[-71.25168,43.52958],[-71.24786,43.53572],[-71.23503,43.53277],[-71.2323,43.53374],[-71.23121,43.53479],[-71.23023,43.53699],[-71.22936,43.54212],[-71.23007,43.54606],[-71.23255,43.55119],[-71.22806,43.55178],[-71.23046,43.55327],[-71.23279,43.55576],[-71.23159,43.55898],[-71.23355,43.5628],[-71.23187,43.56468],[-71.22912,43.56504],[-71.22632,43.56176],[-71.21353,43.5528],[-71.21294,43.55319],[-71.21335,43.55397],[-71.21769,43.55864],[-71.21726,43.56043],[-71.21,43.56328],[-71.20832,43.56307],[-71.2059,43.56159],[-71.20686,43.56379],[-71.20589,43.56507],[-71.19966,43.5658],[-71.19562,43.56706],[-71.19813,43.56672],[-71.20666,43.56745],[-71.21095,43.56921],[-71.21563,43.57505],[-71.21595,43.57736],[-71.2138,43.57996],[-71.21422,43.581],[-71.21544,43.5816],[-71.21666,43.58137],[-71.21943,43.57874],[-71.21963,43.57587],[-71.22191,43.57548],[-71.22064,43.57193],[-71.22104,43.5697],[-71.22587,43.56734],[-71.22846,43.56784],[-71.23374,43.57072],[-71.23656,43.57341],[-71.23745,43.57296],[-71.23747,43.5692],[-71.23835,43.56871],[-71.2431,43.56948],[-71.2465,43.57259],[-71.25429,43.57378],[-71.25986,43.57658],[-71.26267,43.57544],[-71.26512,43.57744],[-71.26894,43.57733],[-71.27497,43.58642],[-71.27654,43.59106],[-71.27764,43.59141],[-71.28178,43.58996],[-71.28385,43.58998],[-71.28842,43.59189],[-71.29026,43.59389],[-71.29398,43.60117],[-71.2967,43.60392],[-71.29778,43.606],[-71.29831,43.6115],[-71.29525,43.61486],[-71.29771,43.61727],[-71.29855,43.61916],[-71.30046,43.61891],[-71.30013,43.61569],[-71.30148,43.61395],[-71.30441,43.61352],[-71.31059,43.6157],[-71.31771,43.61731],[-71.32055,43.61631],[-71.31982,43.61328],[-71.32124,43.6128],[-71.32701,43.61598],[-71.32734,43.61703],[-71.33225,43.61697],[-71.33931,43.6209],[-71.34285,43.62504],[-71.3423,43.62646],[-71.3397,43.62792],[-71.34333,43.62785],[-71.34602,43.62918],[-71.352,43.63532],[-71.35942,43.64162],[-71.36048,43.64332],[-71.36069,43.64514],[-71.35823,43.64866],[-71.35756,43.6524],[-71.35855,43.65458],[-71.36276,43.65931],[-71.36333,43.66236],[-71.36242,43.66288],[-71.35906,43.66235],[-71.35649,43.66495],[-71.35258,43.66561],[-71.35235,43.66613],[-71.35972,43.66465],[-71.36271,43.66495],[-71.37157,43.66887],[-71.37633,43.66931],[-71.37916,43.67161],[-71.38025,43.67125],[-71.38034,43.67001],[-71.37526,43.66691],[-71.37626,43.6658],[-71.37522,43.66437],[-71.3765,43.66327],[-71.38409,43.66488],[-71.38884,43.66309],[-71.39,43.66343],[-71.39101,43.66471],[-71.39228,43.66368],[-71.39359,43.66374],[-71.39464,43.665],[-71.39391,43.66786],[-71.39471,43.66869],[-71.39955,43.66541],[-71.40128,43.66515],[-71.4016,43.67128],[-71.40545,43.67295],[-71.40827,43.67581],[-71.40841,43.67735],[-71.4063,43.68028],[-71.40665,43.68166],[-71.41012,43.68262],[-71.41231,43.68567],[-71.41315,43.68599],[-71.41265,43.68354],[-71.4132,43.68152],[-71.41207,43.67886],[-71.41448,43.67695],[-71.41599,43.67711],[-71.41694,43.67795],[-71.41646,43.68395],[-71.41445,43.68785],[-71.4153,43.68879],[-71.41616,43.68787],[-71.41733,43.68359],[-71.41745,43.6807],[-71.42048,43.67831],[-71.42019,43.67614],[-71.42133,43.67471],[-71.42093,43.67374],[-71.41782,43.6724],[-71.41757,43.66902],[-71.41916,43.66873],[-71.42662,43.67026],[-71.42764,43.67106],[-71.42823,43.67373],[-71.42683,43.67659],[-71.42536,43.67743],[-71.42496,43.67858],[-71.42707,43.68173],[-71.4285,43.68798],[-71.43034,43.68924],[-71.43411,43.68746],[-71.437,43.68789],[-71.43966,43.69186],[-71.44866,43.701],[-71.45209,43.70279],[-71.45475,43.7055],[-71.45629,43.70612]],[[-71.44312,43.69362],[-71.44239,43.69333],[-71.44022,43.68923],[-71.43734,43.68714],[-71.43533,43.68656],[-71.4312,43.68831],[-71.42927,43.6873],[-71.42874,43.68388],[-71.42609,43.6785],[-71.42892,43.67572],[-71.42929,43.67292],[-71.42839,43.67113],[-71.4258,43.66953],[-71.41846,43.66809],[-71.41687,43.66872],[-71.41707,43.67221],[-71.42058,43.67498],[-71.41925,43.67587],[-71.41809,43.67867],[-71.41742,43.67832],[-71.41676,43.6763],[-71.41235,43.67653],[-71.40855,43.67235],[-71.40499,43.67188],[-71.40387,43.67108],[-71.40326,43.66978],[-71.40389,43.6661],[-71.40111,43.66419],[-71.39845,43.66448],[-71.39564,43.66749],[-71.39509,43.66711],[-71.39476,43.66379],[-71.39303,43.66269],[-71.39109,43.66319],[-71.38976,43.66235],[-71.38462,43.66314],[-71.37891,43.662],[-71.37575,43.66213],[-71.37347,43.66368],[-71.37327,43.66681],[-71.3726,43.66722],[-71.3689,43.66525],[-71.36462,43.66399],[-71.36424,43.66322],[-71.36531,43.662],[-71.36531,43.66026],[-71.36089,43.65541],[-71.35888,43.65229],[-71.35907,43.64965],[-71.36131,43.64542],[-71.3606,43.64228],[-71.35786,43.63843],[-71.34928,43.63033],[-71.34494,43.62731],[-71.34503,43.62478],[-71.3412,43.62026],[-71.33183,43.61597],[-71.32751,43.61247],[-71.31936,43.61124],[-71.31867,43.61146],[-71.31844,43.61248],[-71.31745,43.61243],[-71.31423,43.60718],[-71.31346,43.60333],[-71.31271,43.60246],[-71.31198,43.60273],[-71.31087,43.60523],[-71.30973,43.60375],[-71.30736,43.60279],[-71.30557,43.60282],[-71.30339,43.60404],[-71.30223,43.6061],[-71.30271,43.61159],[-71.29958,43.61509],[-71.29776,43.61551],[-71.29743,43.61483],[-71.29936,43.61307],[-71.30036,43.61069],[-71.29831,43.60359],[-71.2888,43.59115],[-71.28254,43.58805],[-71.28023,43.58752],[-71.27806,43.58806],[-71.27369,43.58335],[-71.27139,43.57731],[-71.27192,43.57571],[-71.2739,43.57436],[-71.27343,43.57332],[-71.27218,43.57348],[-71.27017,43.57603],[-71.2677,43.57634],[-71.26594,43.57579],[-71.26505,43.57475],[-71.2675,43.57149],[-71.26711,43.57072],[-71.26491,43.57097],[-71.25719,43.56994],[-71.25079,43.57137],[-71.24706,43.57039],[-71.2434,43.56833],[-71.23828,43.56724],[-71.23679,43.56754],[-71.23646,43.56977],[-71.23571,43.57019],[-71.22884,43.567],[-71.22058,43.56656],[-71.21943,43.56734],[-71.21907,43.56916],[-71.22111,43.57481],[-71.21828,43.57518],[-71.20979,43.56759],[-71.20721,43.56671],[-71.20174,43.56639],[-71.20818,43.56574],[-71.20915,43.56511],[-71.20848,43.56377],[-71.21221,43.56388],[-71.217,43.56162],[-71.21883,43.56014],[-71.21801,43.55703],[-71.2215,43.56123],[-71.22839,43.56525],[-71.23055,43.56561],[-71.23355,43.56487],[-71.23502,43.56298],[-71.23435,43.56099],[-71.23458,43.55869],[-71.23603,43.55778],[-71.23846,43.55742],[-71.23509,43.55454],[-71.23397,43.55102],[-71.23128,43.54616],[-71.23173,43.5439],[-71.23321,43.54239],[-71.2326,43.53958],[-71.23293,43.53631],[-71.23483,43.53524],[-71.24107,43.53521],[-71.2436,43.53642],[-71.24518,43.53859],[-71.24641,43.53864],[-71.2516,43.53096],[-71.25641,43.52761],[-71.25871,43.53009],[-71.25991,43.5347],[-71.26393,43.53812],[-71.26937,43.5404],[-71.27105,43.54173],[-71.27105,43.54305],[-71.26936,43.54644],[-71.27341,43.54417],[-71.27923,43.54411],[-71.28343,43.54491],[-71.28311,43.54537],[-71.27865,43.54545],[-71.27448,43.54843],[-71.27345,43.55017],[-71.27465,43.55191],[-71.27403,43.55505],[-71.27219,43.5546],[-71.27102,43.55536],[-71.26912,43.5593],[-71.27036,43.56126],[-71.27307,43.56334],[-71.29072,43.57286],[-71.29473,43.57304],[-71.29855,43.57475],[-71.30169,43.57455],[-71.30416,43.57531],[-71.30799,43.57507],[-71.30876,43.57303],[-71.30852,43.571],[-71.30744,43.56988],[-71.2976,43.5657],[-71.29565,43.56102],[-71.29461,43.5601],[-71.28688,43.56019],[-71.27578,43.55675],[-71.27536,43.55583],[-71.28257,43.55433],[-71.28501,43.55649],[-71.28684,43.55675],[-71.28959,43.55849],[-71.29732,43.55818],[-71.29961,43.55701],[-71.29831,43.55877],[-71.2993,43.55956],[-71.31114,43.5604],[-71.31348,43.56144],[-71.3166,43.5612],[-71.32077,43.56361],[-71.32497,43.56988],[-71.32978,43.57009],[-71.3326,43.5714],[-71.33359,43.57271],[-71.33401,43.57495],[-71.3393,43.57619],[-71.3449,43.57883],[-71.34757,43.579],[-71.35194,43.58258],[-71.35388,43.58154],[-71.35601,43.58203],[-71.35793,43.5833],[-71.36245,43.58225],[-71.36318,43.58333],[-71.36181,43.58628],[-71.36367,43.58859],[-71.36591,43.5897],[-71.37479,43.59145],[-71.37814,43.59123],[-71.37808,43.59186],[-71.38228,43.59316],[-71.38264,43.59467],[-71.3841,43.5953],[-71.38644,43.59767],[-71.39145,43.59653],[-71.39543,43.59453],[-71.39578,43.59384],[-71.39498,43.59157],[-71.39998,43.59292],[-71.40665,43.59111],[-71.40589,43.5875],[-71.40667,43.58687],[-71.41074,43.59657],[-71.41289,43.59833],[-71.41507,43.59851],[-71.40984,43.59883],[-71.40796,43.59952],[-71.40667,43.60149],[-71.40749,43.60372],[-71.41669,43.61265],[-71.42081,43.61573],[-71.42723,43.61871],[-71.43206,43.61922],[-71.43212,43.61975],[-71.42693,43.61973],[-71.42619,43.62034],[-71.42613,43.62184],[-71.42543,43.62197],[-71.42406,43.6213],[-71.42177,43.61836],[-71.41849,43.61932],[-71.41532,43.62162],[-71.41518,43.6226],[-71.41992,43.6231],[-71.42066,43.62437],[-71.41914,43.62485],[-71.41631,43.62357],[-71.41289,43.62428],[-71.4102,43.63004],[-71.40935,43.62974],[-71.40855,43.62761],[-71.40598,43.62763],[-71.40656,43.62643],[-71.40615,43.62588],[-71.40225,43.62547],[-71.40175,43.62424],[-71.40333,43.62164],[-71.40299,43.61876],[-71.40394,43.61627],[-71.40243,43.61245],[-71.40097,43.61099],[-71.40251,43.60966],[-71.40222,43.60608],[-71.40449,43.60728],[-71.40546,43.60603],[-71.40352,43.5966],[-71.40142,43.5957],[-71.39954,43.596],[-71.39731,43.59817],[-71.39713,43.6003],[-71.39792,43.60323],[-71.39279,43.6025],[-71.39148,43.60288],[-71.3895,43.60575],[-71.38838,43.61216],[-71.38784,43.61246],[-71.38699,43.61204],[-71.38651,43.60881],[-71.3842,43.6058],[-71.38452,43.6052],[-71.38856,43.60524],[-71.38912,43.60371],[-71.3885,43.60237],[-71.38497,43.60005],[-71.38188,43.59915],[-71.37821,43.59951],[-71.37401,43.60131],[-71.37312,43.60249],[-71.37299,43.60401],[-71.37213,43.60401],[-71.37069,43.59844],[-71.37313,43.59774],[-71.37788,43.59829],[-71.37863,43.59763],[-71.37863,43.59616],[-71.37748,43.59491],[-71.37508,43.59469],[-71.36893,43.59615],[-71.35985,43.59292],[-71.35081,43.59143],[-71.34928,43.59304],[-71.34897,43.59713],[-71.35164,43.60428],[-71.35398,43.60708],[-71.3567,43.60685],[-71.35742,43.60755],[-71.35191,43.60822],[-71.35103,43.6093],[-71.35127,43.61093],[-71.35178,43.61163],[-71.35316,43.6118],[-71.3557,43.61047],[-71.35859,43.61022],[-71.35753,43.6114],[-71.35751,43.61246],[-71.35988,43.61584],[-71.36261,43.61836],[-71.36275,43.61957],[-71.36166,43.6219],[-71.36252,43.62387],[-71.36252,43.62708],[-71.36402,43.62923],[-71.36415,43.63219],[-71.36658,43.63497],[-71.37586,43.63692],[-71.37884,43.63671],[-71.3801,43.63446],[-71.37869,43.632],[-71.38157,43.62922],[-71.38116,43.62567],[-71.38189,43.62541],[-71.38265,43.62654],[-71.38328,43.63231],[-71.38492,43.63855],[-71.39833,43.65315],[-71.40759,43.65912],[-71.41674,43.66191],[-71.42103,43.66162],[-71.42111,43.66283],[-71.41706,43.66561],[-71.41688,43.66686],[-71.41786,43.66766],[-71.42216,43.66791],[-71.42415,43.6663],[-71.42672,43.6678],[-71.42834,43.66635],[-71.43024,43.66674],[-71.43163,43.6656],[-71.43587,43.66784],[-71.43591,43.6683],[-71.43413,43.66745],[-71.43319,43.6678],[-71.43301,43.66864],[-71.43119,43.66978],[-71.43085,43.67243],[-71.43374,43.67796],[-71.43596,43.67769],[-71.43749,43.6797],[-71.43822,43.67859],[-71.43902,43.67851],[-71.44094,43.6809],[-71.44116,43.68515],[-71.44061,43.68738],[-71.44352,43.69184],[-71.44379,43.69313],[-71.44312,43.69362]],[[-71.31517,43.61249],[-71.3155,43.61411],[-71.31386,43.61556],[-71.30438,43.61232],[-71.30343,43.61144],[-71.30306,43.60936],[-71.30321,43.60495],[-71.30551,43.60384],[-71.30802,43.60532],[-71.30995,43.60817],[-71.31245,43.60724],[-71.31517,43.61249]],[[-71.26001,43.57464],[-71.25596,43.57345],[-71.25421,43.57245],[-71.25395,43.57151],[-71.25525,43.57066],[-71.25821,43.57058],[-71.26441,43.57195],[-71.26216,43.57393],[-71.26001,43.57464]],[[-71.28618,43.54555],[-71.29008,43.5472],[-71.29168,43.54866],[-71.29383,43.54911],[-71.29921,43.55269],[-71.30002,43.55386],[-71.29947,43.55636],[-71.29767,43.55756],[-71.29229,43.55722],[-71.28972,43.55771],[-71.28381,43.55354],[-71.27478,43.555],[-71.27485,43.55382],[-71.27848,43.55053],[-71.27766,43.54846],[-71.27798,43.5475],[-71.28618,43.54555]],[[-71.27157,43.55596],[-71.27423,43.55732],[-71.28604,43.56097],[-71.29424,43.56036],[-71.2951,43.56125],[-71.29642,43.56589],[-71.30732,43.57034],[-71.30824,43.57183],[-71.308,43.57427],[-71.30684,43.57498],[-71.30447,43.57485],[-71.2949,43.57247],[-71.29179,43.57259],[-71.28627,43.57021],[-71.28287,43.56777],[-71.2744,43.5637],[-71.27098,43.561],[-71.27008,43.55917],[-71.27157,43.55596]],[[-71.36628,43.58418],[-71.36932,43.58467],[-71.37005,43.58556],[-71.36974,43.58671],[-71.36704,43.58601],[-71.36622,43.58515],[-71.36628,43.58418]],[[-71.36704,43.58687],[-71.37232,43.58982],[-71.36936,43.58978],[-71.36569,43.58828],[-71.3644,43.58637],[-71.36565,43.58614],[-71.36704,43.58687]],[[-71.42112,43.62195],[-71.41915,43.62252],[-71.41643,43.62227],[-71.42164,43.62051],[-71.42262,43.62083],[-71.42112,43.62195]],[[-71.404,43.60546],[-71.40016,43.60386],[-71.39804,43.60075],[-71.39794,43.5988],[-71.40035,43.59659],[-71.40282,43.59704],[-71.404,43.60546]],[[-71.38557,43.61237],[-71.38588,43.61319],[-71.38446,43.61421],[-71.37965,43.61468],[-71.37697,43.61348],[-71.37592,43.61077],[-71.37691,43.60811],[-71.37869,43.60601],[-71.37973,43.6054],[-71.38195,43.60547],[-71.38334,43.60616],[-71.38418,43.60819],[-71.3858,43.60986],[-71.38557,43.61237]],[[-71.37572,43.61471],[-71.37914,43.61707],[-71.37529,43.62382],[-71.37197,43.6251],[-71.36643,43.62368],[-71.36572,43.62468],[-71.36583,43.62811],[-71.3651,43.6286],[-71.36397,43.62821],[-71.36356,43.62596],[-71.3654,43.6191],[-71.3647,43.61677],[-71.36222,43.61348],[-71.36272,43.60914],[-71.36542,43.60709],[-71.37284,43.60505],[-71.37515,43.60213],[-71.37678,43.60109],[-71.37823,43.6007],[-71.38071,43.60154],[-71.38257,43.60103],[-71.3826,43.60182],[-71.37419,43.60677],[-71.37429,43.61095],[-71.37572,43.61471]],[[-71.37965,43.6195],[-71.38048,43.61986],[-71.38135,43.62207],[-71.37852,43.62308],[-71.37812,43.62131],[-71.37965,43.6195]],[[-71.37815,43.62356],[-71.38066,43.62603],[-71.38083,43.6292],[-71.37964,43.6308],[-71.37537,43.63233],[-71.37945,43.63389],[-71.37895,43.6361],[-71.3775,43.63663],[-71.375,43.63629],[-71.36774,43.6348],[-71.366,43.63367],[-71.36547,43.63192],[-71.36715,43.63062],[-71.36914,43.63042],[-71.37312,43.63124],[-71.37261,43.62953],[-71.37326,43.62699],[-71.37588,43.62383],[-71.37815,43.62356]],[[-71.36121,43.60706],[-71.35808,43.6069],[-71.35375,43.60469],[-71.35064,43.59771],[-71.3506,43.59525],[-71.35316,43.59584],[-71.35431,43.59464],[-71.35606,43.59528],[-71.35509,43.59333],[-71.35618,43.59272],[-71.35893,43.5929],[-71.36179,43.59494],[-71.3651,43.5951],[-71.36934,43.59659],[-71.37553,43.59502],[-71.37728,43.59555],[-71.37738,43.59635],[-71.37657,43.59673],[-71.3711,43.5972],[-71.36981,43.59791],[-71.36957,43.59885],[-71.37065,43.60202],[-71.36973,43.60402],[-71.36485,43.60632],[-71.36121,43.60706]],[[-71.38537,43.60122],[-71.38792,43.60253],[-71.38765,43.60478],[-71.38375,43.60363],[-71.38389,43.60242],[-71.38537,43.60122]],[[-71.38564,43.63822],[-71.38584,43.63852],[-71.38522,43.63867],[-71.38564,43.63822]],[[-71.41969,43.66475],[-71.42261,43.66583],[-71.42278,43.66645],[-71.42061,43.66737],[-71.41855,43.66731],[-71.41784,43.66603],[-71.41969,43.66475]],[[-71.43342,43.67035],[-71.43895,43.6717],[-71.44526,43.67579],[-71.4466,43.67708],[-71.44671,43.67799],[-71.44431,43.67863],[-71.44129,43.67851],[-71.43377,43.67635],[-71.43146,43.67175],[-71.43203,43.67056],[-71.43342,43.67035]],[[-71.43794,43.67844],[-71.43741,43.67922],[-71.43682,43.67833],[-71.43794,43.67844]],[[-71.41969,43.65439],[-71.41564,43.65016],[-71.4156,43.64677],[-71.41368,43.64319],[-71.41651,43.64357],[-71.41954,43.64797],[-71.42251,43.64946],[-71.4225,43.65118],[-71.42022,43.65239],[-71.42024,43.65409],[-71.41969,43.65439]],[[-71.41161,43.64002],[-71.41255,43.63602],[-71.413,43.63728],[-71.41437,43.63729],[-71.41469,43.63782],[-71.41411,43.63844],[-71.41291,43.63829],[-71.41161,43.64002]],[[-71.43097,43.63122],[-71.4329,43.63334],[-71.43299,43.63425],[-71.43141,43.63323],[-71.43097,43.63122]]]},"properties":{"a":20,"b":40}},{"type":"Feature","geometry":{"type":"Polygon","coordinates":[[[-71.38106,43.72449],[-71.38245,43.72408],[-71.38493,43.72132],[-71.3847,43.72005],[-71.38169,43.71969],[-71.38141,43.71828],[-71.37606,43.7146],[-71.37414,43.71453],[-71.37284,43.71552],[-71.37166,43.71343],[-71.36654,43.71295],[-71.35629,43.70598],[-71.35193,43.70198],[-71.35072,43.69788],[-71.3511,43.697],[-71.35295,43.69602],[-71.35381,43.69169],[-71.35328,43.69001],[-71.35072,43.6881],[-71.35313,43.68478],[-71.35329,43.68175],[-71.35034,43.67885],[-71.34962,43.67503],[-71.34829,43.67356],[-71.34512,43.67338],[-71.34246,43.67455],[-71.33811,43.68086],[-71.33555,43.68254],[-71.33076,43.68005],[-71.32605,43.67975],[-71.32264,43.67642],[-71.31952,43.67481],[-71.31685,43.67456],[-71.31189,43.67531],[-71.30848,43.67463],[-71.30708,43.67353],[-71.30583,43.67104],[-71.30598,43.66754],[-71.30304,43.66274],[-71.30379,43.65929],[-71.30171,43.65731],[-71.3025,43.65594],[-71.30476,43.65427],[-71.30619,43.65364],[-71.30975,43.65349],[-71.30669,43.64961],[-71.30664,43.64769],[-71.30989,43.64623],[-71.31331,43.6479],[-71.31697,43.64709],[-71.31866,43.64855],[-71.32351,43.64888],[-71.32494,43.64678],[-71.32666,43.64635],[-71.32802,43.64513],[-71.32712,43.64473],[-71.32393,43.6454],[-71.31807,43.64395],[-71.31476,43.64416],[-71.31437,43.6436],[-71.31555,43.63804],[-71.3148,43.6371],[-71.31304,43.63689],[-71.30995,43.63796],[-71.30556,43.63713],[-71.30536,43.63608],[-71.30637,43.63401],[-71.30588,43.63227],[-71.30318,43.6298],[-71.29783,43.62756],[-71.29656,43.62465],[-71.29705,43.62306],[-71.29843,43.62199],[-71.30375,43.62171],[-71.30231,43.61904],[-71.30287,43.61736],[-71.30422,43.61603],[-71.30554,43.61582],[-71.30699,43.61693],[-71.30955,43.61733],[-71.31395,43.61704],[-71.31996,43.61976],[-71.321,43.62221],[-71.32153,43.62681],[-71.32097,43.62871],[-71.3189,43.62916],[-71.31849,43.62984],[-71.32038,43.63025],[-71.32184,43.63148],[-71.32434,43.6349],[-71.32421,43.63547],[-71.32173,43.63614],[-71.32169,43.63666],[-71.32366,43.63727],[-71.32573,43.637],[-71.32692,43.63798],[-71.32898,43.6382],[-71.32999,43.64004],[-71.33152,43.63994],[-71.33118,43.64156],[-71.33185,43.64235],[-71.33176,43.64391],[-71.33093,43.64449],[-71.3326,43.64428],[-71.33349,43.64257],[-71.3369,43.64204],[-71.33786,43.64025],[-71.3369,43.63779],[-71.33373,43.63449],[-71.32955,43.63381],[-71.32841,43.63287],[-71.32824,43.63107],[-71.3291,43.62968],[-71.33327,43.62981],[-71.33221,43.62625],[-71.33004,43.62464],[-71.32944,43.62221],[-71.328,43.62016],[-71.3285,43.61885],[-71.33036,43.61841],[-71.33539,43.61978],[-71.34039,43.62433],[-71.34063,43.62581],[-71.33776,43.62751],[-71.33763,43.62824],[-71.3406,43.62929],[-71.34535,43.6291],[-71.34631,43.63119],[-71.34832,43.63331],[-71.35941,43.64295],[-71.36002,43.64451],[-71.35628,43.65044],[-71.35601,43.6526],[-71.35847,43.65706],[-71.35811,43.66034],[-71.35565,43.66291],[-71.35224,43.66395],[-71.35205,43.66529],[-71.34956,43.66562],[-71.35032,43.66679],[-71.35902,43.66562],[-71.36337,43.66646],[-71.36857,43.66984],[-71.37737,43.67277],[-71.37633,43.67412],[-71.37886,43.67402],[-71.37837,43.67632],[-71.37888,43.67769],[-71.38134,43.67875],[-71.38224,43.67854],[-71.38231,43.67707],[-71.38461,43.67514],[-71.38486,43.6741],[-71.38239,43.67287],[-71.38349,43.67098],[-71.38304,43.66965],[-71.37848,43.66707],[-71.37703,43.66487],[-71.3773,43.66417],[-71.38516,43.66561],[-71.389,43.66406],[-71.39049,43.66582],[-71.39301,43.66454],[-71.39366,43.66557],[-71.39337,43.66846],[-71.39425,43.66967],[-71.3963,43.66927],[-71.39825,43.66732],[-71.40056,43.66637],[-71.4,43.67015],[-71.40095,43.672],[-71.40192,43.67277],[-71.40418,43.6728],[-71.40623,43.67511],[-71.40591,43.67654],[-71.4041,43.67886],[-71.40407,43.68221],[-71.40551,43.68375],[-71.4095,43.6861],[-71.41305,43.69046],[-71.41626,43.69116],[-71.4194,43.68955],[-71.41948,43.68803],[-71.41758,43.68555],[-71.4179,43.68302],[-71.41938,43.68052],[-71.42205,43.67853],[-71.42316,43.67858],[-71.42388,43.68095],[-71.42612,43.68163],[-71.42669,43.68772],[-71.42816,43.68902],[-71.43073,43.69003],[-71.43346,43.68828],[-71.43655,43.68838],[-71.43946,43.69643],[-71.43811,43.7005],[-71.43812,43.70364],[-71.43908,43.70541],[-71.44076,43.70672],[-71.441,43.70597],[-71.43893,43.70361],[-71.43874,43.70017],[-71.43954,43.69848],[-71.44074,43.69777],[-71.44355,43.69858],[-71.44492,43.70002],[-71.44988,43.70295],[-71.45527,43.70761],[-71.45751,43.70755],[-71.45852,43.70594],[-71.45783,43.70416],[-71.45304,43.70215],[-71.45261,43.69942],[-71.45082,43.6987],[-71.44849,43.69939],[-71.44729,43.69823],[-71.44733,43.69714],[-71.4481,43.69661],[-71.45237,43.69707],[-71.4518,43.69473],[-71.44897,43.69258],[-71.44861,43.69015],[-71.44719,43.68781],[-71.44733,43.68588],[-71.44993,43.68469],[-71.45192,43.68229],[-71.45186,43.68083],[-71.44855,43.67574],[-71.44492,43.67366],[-71.4407,43.66947],[-71.43735,43.66747],[-71.43476,43.66671],[-71.43146,43.66191],[-71.43071,43.66179],[-71.42727,43.66547],[-71.42411,43.66555],[-71.42332,43.66505],[-71.42228,43.66049],[-71.42347,43.65807],[-71.4273,43.658],[-71.42664,43.65686],[-71.42422,43.65639],[-71.42465,43.65551],[-71.42588,43.65506],[-71.42587,43.65386],[-71.42678,43.65277],[-71.42497,43.65101],[-71.42461,43.64914],[-71.42055,43.64754],[-71.41953,43.64421],[-71.41607,43.64088],[-71.41608,43.63867],[-71.41703,43.63821],[-71.41611,43.63643],[-71.41343,43.63532],[-71.41109,43.63337],[-71.4114,43.6317],[-71.41282,43.62982],[-71.41496,43.62836],[-71.41821,43.62837],[-71.41903,43.62685],[-71.4214,43.62704],[-71.4245,43.62425],[-71.42473,43.62646],[-71.42718,43.62782],[-71.42955,43.6316],[-71.43051,43.63473],[-71.42992,43.63645],[-71.43087,43.63659],[-71.43125,43.63761],[-71.43196,43.63691],[-71.43312,43.63719],[-71.43447,43.63583],[-71.43652,43.63511],[-71.43335,43.63268],[-71.43037,43.62863],[-71.42916,43.6241],[-71.43021,43.6226],[-71.43323,43.62307],[-71.43591,43.62226],[-71.43836,43.62423],[-71.44249,43.63171],[-71.44306,43.63391],[-71.44274,43.63744],[-71.44326,43.63773],[-71.4489,43.63175],[-71.44698,43.62676],[-71.44714,43.62494],[-71.44832,43.62398],[-71.45074,43.62416],[-71.45633,43.6262],[-71.46138,43.62887],[-71.46161,43.63051],[-71.45936,43.63211],[-71.46249,43.63123],[-71.46366,43.63151],[-71.46576,43.63301],[-71.46951,43.63434],[-71.4718,43.6362],[-71.47403,43.64025],[-71.47724,43.65087],[-71.47894,43.65256],[-71.48192,43.65388],[-71.48303,43.65636],[-71.48398,43.65705],[-71.49184,43.65734],[-71.49386,43.65656],[-71.49698,43.65706],[-71.49745,43.65582],[-71.49477,43.65447],[-71.49406,43.65111],[-71.49254,43.64952],[-71.48489,43.6456],[-71.48263,43.64182],[-71.48245,43.63839],[-71.47814,43.6334],[-71.47743,43.63033],[-71.47249,43.6267],[-71.47145,43.62356],[-71.46809,43.62207],[-71.46334,43.61339],[-71.45861,43.61027],[-71.45525,43.60592],[-71.45365,43.60721],[-71.4508,43.60801],[-71.44994,43.61066],[-71.44735,43.61022],[-71.44395,43.61075],[-71.43947,43.60811],[-71.43471,43.60667],[-71.43302,43.60462],[-71.43238,43.60473],[-71.43328,43.60659],[-71.43701,43.6089],[-71.43891,43.61155],[-71.44133,43.61876],[-71.44094,43.62065],[-71.43603,43.61815],[-71.42762,43.6173],[-71.42296,43.61589],[-71.41115,43.6056],[-71.40909,43.60359],[-71.4082,43.6015],[-71.41051,43.5999],[-71.41355,43.60054],[-71.41573,43.60009],[-71.41916,43.60209],[-71.42376,43.6014],[-71.42842,43.60348],[-71.4284,43.5991],[-71.42636,43.5968],[-71.42325,43.59647],[-71.41982,43.59743],[-71.41724,43.59727],[-71.41223,43.59442],[-71.40889,43.58895],[-71.4088,43.58688],[-71.41036,43.58476],[-71.40922,43.58307],[-71.40246,43.58278],[-71.40038,43.58371],[-71.39942,43.58576],[-71.40018,43.58908],[-71.39915,43.58994],[-71.38846,43.58876],[-71.38834,43.58688],[-71.38465,43.58887],[-71.37839,43.58736],[-71.36665,43.58109],[-71.35775,43.57751],[-71.35504,43.57723],[-71.35306,43.57939],[-71.35098,43.57953],[-71.34786,43.57741],[-71.34397,43.57665],[-71.33998,43.57315],[-71.3319,43.56851],[-71.3312,43.56686],[-71.33149,43.56397],[-71.33036,43.56276],[-71.32508,43.56181],[-71.31187,43.5577],[-71.30997,43.55842],[-71.30838,43.55732],[-71.30365,43.55752],[-71.30296,43.55689],[-71.30294,43.55304],[-71.30233,43.55208],[-71.29148,43.54634],[-71.28505,43.54367],[-71.27303,43.54337],[-71.27224,43.54271],[-71.27275,43.54088],[-71.27197,43.54003],[-71.26391,43.53722],[-71.26002,43.53293],[-71.25967,43.53148],[-71.2657,43.52926],[-71.26502,43.52452],[-71.26686,43.52078],[-71.26641,43.5185],[-71.26077,43.50869],[-71.25989,43.50438],[-71.25725,43.50008],[-71.25246,43.49644],[-71.24947,43.49094],[-71.24692,43.48914],[-71.2415,43.48351],[-71.23754,43.4812],[-71.23693,43.47963],[-71.23755,43.47692],[-71.23649,43.47357],[-71.23578,43.47343],[-71.2349,43.47652],[-71.23618,43.4804],[-71.23878,43.48431],[-71.24328,43.48871],[-71.24812,43.49894],[-71.24852,43.50121],[-71.25234,43.50211],[-71.25367,43.50304],[-71.25385,43.50421],[-71.25281,43.50582],[-71.25268,43.50742],[-71.25685,43.52114],[-71.25686,43.52455],[-71.25158,43.52903],[-71.2483,43.53475],[-71.24342,43.53397],[-71.24,43.53193],[-71.23739,43.53258],[-71.23556,43.5316],[-71.23364,43.53271],[-71.23223,43.53226],[-71.23142,43.53348],[-71.22652,43.53525],[-71.22636,43.53631],[-71.22825,43.53928],[-71.22843,43.54351],[-71.2304,43.54979],[-71.23,43.55055],[-71.22642,43.55067],[-71.22161,43.54925],[-71.22061,43.54967],[-71.21944,43.55142],[-71.21348,43.55056],[-71.2039,43.5521],[-71.20319,43.55273],[-71.20268,43.55562],[-71.20004,43.55971],[-71.20292,43.56028],[-71.20367,43.56213],[-71.20567,43.56327],[-71.20547,43.56416],[-71.19533,43.56621],[-71.19161,43.56254],[-71.19059,43.56441],[-71.18699,43.56472],[-71.19483,43.56908],[-71.19622,43.56789],[-71.1991,43.56737],[-71.20783,43.56799],[-71.20955,43.56869],[-71.21286,43.57183],[-71.21411,43.5754],[-71.212,43.58018],[-71.21238,43.58149],[-71.21359,43.5826],[-71.21832,43.58227],[-71.22447,43.57788],[-71.22505,43.5764],[-71.22373,43.57482],[-71.22181,43.57392],[-71.22166,43.57087],[-71.22237,43.56996],[-71.2237,43.57027],[-71.22489,43.56978],[-71.23196,43.57187],[-71.23476,43.57438],[-71.23547,43.57652],[-71.23741,43.57829],[-71.23884,43.57787],[-71.23851,43.57401],[-71.23872,43.57257],[-71.23971,43.57141],[-71.23954,43.57048],[-71.24278,43.56994],[-71.24639,43.57385],[-71.25256,43.57435],[-71.2553,43.57536],[-71.25803,43.57763],[-71.26259,43.57715],[-71.26856,43.5794],[-71.27485,43.58687],[-71.27562,43.58985],[-71.27469,43.59134],[-71.26768,43.59102],[-71.26578,43.58979],[-71.25774,43.58701],[-71.25575,43.58568],[-71.25235,43.58502],[-71.24889,43.58314],[-71.24607,43.58343],[-71.24541,43.58526],[-71.24685,43.58693],[-71.25995,43.59527],[-71.2639,43.59911],[-71.26443,43.60146],[-71.26366,43.60384],[-71.26108,43.60649],[-71.25659,43.60914],[-71.25868,43.61149],[-71.26643,43.61548],[-71.27384,43.61645],[-71.26518,43.61225],[-71.26398,43.60997],[-71.26642,43.60489],[-71.26678,43.60242],[-71.26926,43.59607],[-71.27051,43.59467],[-71.27278,43.59353],[-71.2734,43.5924],[-71.2771,43.59347],[-71.28337,43.59287],[-71.28618,43.59426],[-71.29084,43.59886],[-71.29344,43.60559],[-71.29426,43.60621],[-71.2964,43.60627],[-71.29509,43.61303],[-71.29184,43.61281],[-71.2906,43.61357],[-71.29704,43.61822],[-71.29701,43.61951],[-71.29514,43.62212],[-71.29517,43.62623],[-71.2975,43.6326],[-71.3014,43.63891],[-71.30241,43.64317],[-71.30427,43.64484],[-71.30453,43.6459],[-71.30378,43.64718],[-71.30216,43.64733],[-71.28965,43.64568],[-71.28996,43.64906],[-71.29328,43.65003],[-71.29506,43.65183],[-71.2947,43.65327],[-71.2931,43.6541],[-71.28825,43.65237],[-71.2876,43.65128],[-71.28874,43.65027],[-71.28599,43.64958],[-71.28394,43.64714],[-71.28182,43.64719],[-71.28085,43.6485],[-71.28157,43.64986],[-71.28529,43.65291],[-71.29634,43.65856],[-71.29798,43.66022],[-71.29779,43.6614],[-71.29608,43.66243],[-71.2895,43.66285],[-71.28843,43.66327],[-71.28813,43.66408],[-71.28936,43.66481],[-71.29211,43.66375],[-71.29544,43.66443],[-71.29741,43.66331],[-71.2994,43.66461],[-71.30151,43.66753],[-71.30046,43.66963],[-71.30227,43.67126],[-71.30426,43.67585],[-71.30062,43.67973],[-71.30105,43.68126],[-71.30612,43.68583],[-71.31779,43.68452],[-71.32003,43.6858],[-71.32908,43.68754],[-71.32996,43.68996],[-71.33084,43.69043],[-71.34057,43.69344],[-71.34557,43.69355],[-71.34667,43.69478],[-71.34598,43.69591],[-71.34622,43.69853],[-71.35135,43.7032],[-71.35201,43.7047],[-71.36105,43.71003],[-71.36189,43.71117],[-71.36413,43.7118],[-71.36547,43.71454],[-71.36902,43.71549],[-71.36937,43.71667],[-71.37425,43.71702],[-71.3765,43.71621],[-71.37829,43.71772],[-71.38036,43.7184],[-71.38117,43.71927],[-71.38114,43.72097],[-71.37968,43.7222],[-71.37952,43.72322],[-71.37989,43.7241],[-71.38106,43.72449]],[[-71.35251,43.70287],[-71.35216,43.70276],[-71.35247,43.70269],[-71.35251,43.70287]],[[-71.35013,43.69893],[-71.34962,43.6987],[-71.34758,43.69186],[-71.34628,43.6917],[-71.34475,43.69275],[-71.33896,43.69202],[-71.33496,43.69016],[-71.33302,43.68684],[-71.33387,43.6844],[-71.33949,43.68173],[-71.34285,43.67788],[-71.34564,43.67596],[-71.34843,43.67643],[-71.34997,43.67954],[-71.35191,43.68126],[-71.34977,43.68377],[-71.34863,43.6863],[-71.3489,43.69033],[-71.35186,43.69308],[-71.3501,43.69633],[-71.35013,43.69893]],[[-71.34836,43.69779],[-71.34782,43.69606],[-71.34834,43.69634],[-71.34836,43.69779]],[[-71.33189,43.68941],[-71.3315,43.68933],[-71.33176,43.68917],[-71.33189,43.68941]],[[-71.31946,43.68442],[-71.31895,43.68436],[-71.31994,43.68399],[-71.31946,43.68442]],[[-71.32093,43.68415],[-71.32185,43.68403],[-71.32116,43.68433],[-71.32093,43.68415]],[[-71.31015,43.68339],[-71.30615,43.68289],[-71.30156,43.68014],[-71.30146,43.6791],[-71.30223,43.67848],[-71.30515,43.67925],[-71.30642,43.67858],[-71.30456,43.67492],[-71.30472,43.67333],[-71.30866,43.676],[-71.31439,43.67802],[-71.31834,43.6783],[-71.32201,43.68111],[-71.3265,43.68213],[-71.31972,43.68186],[-71.31015,43.68339]],[[-71.29861,43.65683],[-71.29786,43.65548],[-71.29987,43.65512],[-71.29945,43.65644],[-71.29861,43.65683]],[[-71.30838,43.65337],[-71.3039,43.65063],[-71.30341,43.64977],[-71.30381,43.64873],[-71.30464,43.64893],[-71.30554,43.6507],[-71.30871,43.65274],[-71.30838,43.65337]],[[-71.29948,43.65145],[-71.29784,43.65094],[-71.2989,43.65098],[-71.29908,43.65046],[-71.29948,43.65145]],[[-71.31546,43.6458],[-71.3106,43.64515],[-71.30664,43.6416],[-71.30363,43.64002],[-71.30125,43.63631],[-71.30052,43.63269],[-71.30161,43.63269],[-71.30244,43.63529],[-71.30531,43.63752],[-71.3132,43.63886],[-71.31178,43.64352],[-71.31307,43.64459],[-71.31551,43.64519],[-71.31546,43.6458]],[[-71.29879,43.61921],[-71.29525,43.61486],[-71.29831,43.6115],[-71.29778,43.606],[-71.2967,43.60392],[-71.29398,43.60117],[-71.29026,43.59389],[-71.28842,43.59189],[-71.28385,43.58998],[-71.28178,43.58996],[-71.27764,43.59141],[-71.27654,43.59106],[-71.27497,43.58642],[-71.26884,43.57728],[-71.26512,43.57744],[-71.26267,43.57544],[-71.25986,43.57658],[-71.25429,43.57378],[-71.2465,43.57259],[-71.2431,43.56948],[-71.23835,43.56871],[-71.23747,43.5692],[-71.23745,43.57296],[-71.23656,43.57341],[-71.23374,43.57072],[-71.22846,43.56784],[-71.22587,43.56734],[-71.22104,43.5697],[-71.22064,43.57193],[-71.22191,43.57548],[-71.21963,43.57587],[-71.21943,43.57874],[-71.21666,43.58137],[-71.21544,43.5816],[-71.21422,43.581],[-71.2138,43.57996],[-71.21595,43.57736],[-71.21563,43.57505],[-71.21095,43.56921],[-71.20666,43.56745],[-71.19558,43.56701],[-71.19966,43.5658],[-71.20578,43.56513],[-71.20686,43.56388],[-71.2059,43.56159],[-71.20832,43.56307],[-71.21,43.56328],[-71.21726,43.56043],[-71.21769,43.55864],[-71.21335,43.55397],[-71.21294,43.55319],[-71.21353,43.5528],[-71.22632,43.56176],[-71.22912,43.56504],[-71.23187,43.56468],[-71.23355,43.5628],[-71.23159,43.55898],[-71.23279,43.55576],[-71.23046,43.55327],[-71.22806,43.55178],[-71.23255,43.55119],[-71.23007,43.54606],[-71.22936,43.54212],[-71.23023,43.53699],[-71.23121,43.53479],[-71.2323,43.53374],[-71.23503,43.53277],[-71.24786,43.53572],[-71.25168,43.52958],[-71.25758,43.52534],[-71.25755,43.51861],[-71.25425,43.50902],[-71.25442,43.50304],[-71.24973,43.49939],[-71.24805,43.49504],[-71.24609,43.49329],[-71.24287,43.48712],[-71.23804,43.48225],[-71.24658,43.48923],[-71.25168,43.49724],[-71.25847,43.50374],[-71.26217,43.51243],[-71.26391,43.5193],[-71.2629,43.52842],[-71.25979,43.53079],[-71.25979,43.53314],[-71.26384,43.5375],[-71.27144,43.54098],[-71.27182,43.54354],[-71.28673,43.54458],[-71.30097,43.55231],[-71.30239,43.55517],[-71.30091,43.5578],[-71.30138,43.55878],[-71.30647,43.55818],[-71.30977,43.5591],[-71.31195,43.5589],[-71.31444,43.56063],[-71.31737,43.56029],[-71.32095,43.5618],[-71.32171,43.56328],[-71.32448,43.56304],[-71.32922,43.56544],[-71.33262,43.56993],[-71.34286,43.57682],[-71.34764,43.5784],[-71.35175,43.58094],[-71.35365,43.58081],[-71.35486,43.57909],[-71.35673,43.57896],[-71.36526,43.58255],[-71.36978,43.58336],[-71.37088,43.58426],[-71.37133,43.58727],[-71.37254,43.58864],[-71.37415,43.5889],[-71.37656,43.58784],[-71.38028,43.58844],[-71.3804,43.58898],[-71.37896,43.58927],[-71.37867,43.59019],[-71.38268,43.59301],[-71.38306,43.5943],[-71.38543,43.59489],[-71.38545,43.59635],[-71.38636,43.59707],[-71.38956,43.59653],[-71.39333,43.5946],[-71.39354,43.59269],[-71.39101,43.59027],[-71.3911,43.58961],[-71.39668,43.58991],[-71.39912,43.59133],[-71.39975,43.59079],[-71.40032,43.59111],[-71.40139,43.58842],[-71.40088,43.58657],[-71.40254,43.58595],[-71.40368,43.58439],[-71.40483,43.58429],[-71.4074,43.58565],[-71.40947,43.59154],[-71.41334,43.59625],[-71.41871,43.59805],[-71.42335,43.59784],[-71.42427,43.59895],[-71.42674,43.59972],[-71.42662,43.60032],[-71.42334,43.59974],[-71.41923,43.60119],[-71.41564,43.59922],[-71.41002,43.59941],[-71.40796,43.60028],[-71.40729,43.602],[-71.40837,43.60398],[-71.42104,43.61542],[-71.42471,43.61698],[-71.4368,43.61896],[-71.43989,43.6218],[-71.43952,43.62229],[-71.43789,43.6219],[-71.43434,43.61897],[-71.43167,43.62178],[-71.42785,43.62151],[-71.42776,43.62333],[-71.42979,43.62831],[-71.4343,43.63426],[-71.43424,43.63543],[-71.43125,43.63451],[-71.43027,43.63141],[-71.4274,43.62717],[-71.42687,43.62418],[-71.42514,43.62266],[-71.42353,43.62272],[-71.42071,43.62563],[-71.418,43.62584],[-71.40944,43.63104],[-71.40833,43.63063],[-71.40748,43.62838],[-71.40389,43.6287],[-71.40348,43.62795],[-71.40436,43.62671],[-71.40164,43.62619],[-71.40093,43.62538],[-71.40098,43.62387],[-71.40212,43.62191],[-71.40183,43.61871],[-71.40292,43.61593],[-71.40169,43.61329],[-71.39981,43.61134],[-71.40124,43.60924],[-71.40131,43.60708],[-71.40013,43.60559],[-71.3982,43.60453],[-71.3935,43.6046],[-71.39077,43.6072],[-71.38948,43.61591],[-71.39052,43.61662],[-71.39456,43.61733],[-71.39529,43.61835],[-71.39367,43.61842],[-71.38687,43.6158],[-71.38276,43.61659],[-71.38138,43.61747],[-71.38147,43.61899],[-71.38393,43.62375],[-71.38416,43.6324],[-71.38694,43.63859],[-71.39081,43.64406],[-71.39966,43.65371],[-71.4075,43.65829],[-71.41486,43.66084],[-71.41897,43.66095],[-71.42142,43.66001],[-71.42159,43.65848],[-71.41315,43.65029],[-71.41269,43.64436],[-71.41052,43.64056],[-71.4119,43.63637],[-71.41074,43.6346],[-71.41254,43.63468],[-71.41336,43.63655],[-71.41508,43.63645],[-71.41513,43.63882],[-71.41354,43.63986],[-71.4149,43.64083],[-71.41471,43.6422],[-71.41713,43.64287],[-71.42071,43.64816],[-71.42369,43.64919],[-71.42327,43.65075],[-71.42465,43.65291],[-71.42447,43.65382],[-71.42281,43.6551],[-71.42349,43.65725],[-71.42237,43.65896],[-71.42185,43.66459],[-71.42512,43.66612],[-71.42956,43.6651],[-71.43077,43.6657],[-71.43059,43.66324],[-71.4317,43.66305],[-71.43192,43.66432],[-71.43359,43.66623],[-71.43779,43.66818],[-71.44185,43.6711],[-71.44483,43.67427],[-71.44839,43.67631],[-71.44974,43.68002],[-71.44983,43.68275],[-71.44761,43.68304],[-71.44592,43.68615],[-71.4467,43.69107],[-71.44911,43.6944],[-71.44622,43.69472],[-71.44625,43.69746],[-71.44803,43.69936],[-71.45035,43.70007],[-71.45207,43.70247],[-71.45642,43.70467],[-71.45684,43.70591],[-71.45533,43.70591],[-71.45284,43.70333],[-71.44866,43.701],[-71.43966,43.69186],[-71.437,43.68789],[-71.43411,43.68746],[-71.43034,43.68924],[-71.4285,43.68798],[-71.42707,43.68173],[-71.42496,43.67858],[-71.42536,43.67743],[-71.42683,43.67659],[-71.42823,43.67373],[-71.42764,43.67106],[-71.42662,43.67026],[-71.41916,43.66873],[-71.41757,43.66902],[-71.41782,43.6724],[-71.42093,43.67374],[-71.42133,43.67471],[-71.42019,43.67614],[-71.42048,43.67831],[-71.41745,43.6807],[-71.41733,43.68359],[-71.41616,43.68787],[-71.4153,43.68879],[-71.41445,43.68785],[-71.41646,43.68395],[-71.41694,43.67795],[-71.41599,43.67711],[-71.41448,43.67695],[-71.41207,43.67886],[-71.4132,43.68152],[-71.41265,43.68354],[-71.41315,43.68599],[-71.41231,43.68567],[-71.41012,43.68262],[-71.40665,43.68166],[-71.4063,43.68028],[-71.40841,43.67735],[-71.40827,43.67581],[-71.40545,43.67295],[-71.4016,43.67128],[-71.40128,43.66515],[-71.39955,43.66541],[-71.39471,43.66869],[-71.39391,43.66786],[-71.39464,43.665],[-71.39359,43.66374],[-71.39228,43.66368],[-71.39101,43.66471],[-71.39,43.66343],[-71.38884,43.66309],[-71.38409,43.66488],[-71.3765,43.66327],[-71.37522,43.66437],[-71.37626,43.6658],[-71.37526,43.66691],[-71.38034,43.67001],[-71.38025,43.67125],[-71.37916,43.67161],[-71.37633,43.66931],[-71.37157,43.66887],[-71.36271,43.66495],[-71.35972,43.66465],[-71.35229,43.66609],[-71.35649,43.66495],[-71.35906,43.66235],[-71.36242,43.66288],[-71.36331,43.66242],[-71.36276,43.65931],[-71.35855,43.65458],[-71.35754,43.65226],[-71.35823,43.64866],[-71.36069,43.64514],[-71.36048,43.64332],[-71.3593,43.6415],[-71.352,43.63532],[-71.34623,43.62933],[-71.34333,43.62785],[-71.3397,43.62792],[-71.34235,43.62641],[-71.34264,43.62436],[-71.33931,43.6209],[-71.3334,43.61746],[-71.33068,43.61674],[-71.32741,43.61706],[-71.32695,43.61594],[-71.32067,43.61268],[-71.3198,43.61344],[-71.32059,43.61625],[-71.31771,43.61731],[-71.30376,43.61348],[-71.301,43.61426],[-71.30011,43.61578],[-71.30046,43.61891],[-71.29879,43.61921]],[[-71.2716,43.59235],[-71.26768,43.595],[-71.26629,43.59771],[-71.26531,43.59811],[-71.2621,43.59499],[-71.25731,43.59269],[-71.24709,43.58544],[-71.24842,43.58514],[-71.25151,43.58635],[-71.25457,43.58658],[-71.25909,43.58901],[-71.26241,43.58945],[-71.26743,43.59229],[-71.27,43.5917],[-71.2716,43.59235]],[[-71.20886,43.56163],[-71.20568,43.55898],[-71.20258,43.5584],[-71.20246,43.55702],[-71.20384,43.55455],[-71.20585,43.55273],[-71.20709,43.55274],[-71.20859,43.55428],[-71.21164,43.55404],[-71.21522,43.55699],[-71.21684,43.55945],[-71.21648,43.5603],[-71.21496,43.56077],[-71.21252,43.55955],[-71.21269,43.56154],[-71.21088,43.56267],[-71.2096,43.56259],[-71.20886,43.56163]],[[-71.21667,43.55275],[-71.2162,43.55169],[-71.21725,43.55134],[-71.22236,43.55203],[-71.22633,43.55363],[-71.22976,43.55646],[-71.22966,43.55918],[-71.23243,43.56124],[-71.2324,43.56324],[-71.23121,43.56461],[-71.23012,43.56472],[-71.22802,43.56102],[-71.22314,43.55884],[-71.21667,43.55275]],[[-71.38738,43.58888],[-71.38976,43.58984],[-71.39268,43.59273],[-71.39292,43.59476],[-71.38616,43.59649],[-71.38631,43.59403],[-71.38393,43.59417],[-71.38372,43.5923],[-71.38004,43.58986],[-71.38057,43.58933],[-71.38315,43.58974],[-71.38738,43.58888]],[[-71.44451,43.62075],[-71.44055,43.61527],[-71.43993,43.61177],[-71.43825,43.6085],[-71.44381,43.61113],[-71.44881,43.61166],[-71.45244,43.60827],[-71.45435,43.60769],[-71.45556,43.60806],[-71.45683,43.60975],[-71.46236,43.6135],[-71.46578,43.62032],[-71.46755,43.6223],[-71.47002,43.62378],[-71.47273,43.62736],[-71.47676,43.63092],[-71.4772,43.63282],[-71.47973,43.63611],[-71.48384,43.64488],[-71.48639,43.64716],[-71.49208,43.65],[-71.49422,43.65487],[-71.49193,43.65486],[-71.48929,43.65619],[-71.48532,43.65611],[-71.4839,43.65548],[-71.48248,43.65325],[-71.47759,43.64927],[-71.47373,43.63836],[-71.47115,43.63481],[-71.46211,43.62881],[-71.45708,43.62373],[-71.4495,43.62271],[-71.44451,43.62075]],[[-71.40686,43.63101],[-71.40989,43.63292],[-71.40979,43.63507],[-71.41134,43.63663],[-71.40908,43.64003],[-71.41036,43.6417],[-71.40954,43.64413],[-71.41131,43.64527],[-71.41031,43.65031],[-71.4152,43.65342],[-71.42008,43.65772],[-71.42091,43.65911],[-71.41997,43.66005],[-71.41437,43.65989],[-71.40669,43.65732],[-71.39923,43.65249],[-71.39801,43.64709],[-71.39184,43.64384],[-71.38554,43.63377],[-71.38498,43.63132],[-71.3857,43.62353],[-71.38243,43.6177],[-71.3856,43.6164],[-71.38901,43.6166],[-71.39178,43.6191],[-71.39386,43.61975],[-71.39627,43.61946],[-71.39735,43.62085],[-71.39954,43.62077],[-71.40127,43.62148],[-71.40012,43.62361],[-71.40011,43.62498],[-71.40206,43.62727],[-71.40183,43.62822],[-71.39831,43.62938],[-71.39283,43.62818],[-71.39214,43.62945],[-71.39342,43.63187],[-71.398,43.63096],[-71.39996,43.63116],[-71.4042,43.62941],[-71.40581,43.62972],[-71.40686,43.63101]],[[-71.3969,43.61864],[-71.39471,43.61638],[-71.39094,43.61614],[-71.39063,43.61558],[-71.39171,43.61202],[-71.39143,43.60741],[-71.3921,43.60637],[-71.39385,43.60549],[-71.39909,43.60578],[-71.40057,43.60709],[-71.4004,43.60894],[-71.39816,43.61185],[-71.40056,43.61255],[-71.40108,43.61487],[-71.40092,43.61957],[-71.3987,43.62034],[-71.3969,43.61864]],[[-71.42388,43.67744],[-71.42087,43.6765],[-71.42187,43.67453],[-71.42132,43.67343],[-71.41845,43.67206],[-71.41855,43.66923],[-71.42138,43.67009],[-71.42598,43.67041],[-71.42677,43.67102],[-71.42753,43.67295],[-71.4269,43.67548],[-71.42603,43.67662],[-71.42388,43.67744]],[[-71.41409,43.685],[-71.41334,43.68482],[-71.4154,43.68415],[-71.41409,43.685]],[[-71.41457,43.68158],[-71.41369,43.68106],[-71.41339,43.67924],[-71.41401,43.67801],[-71.4156,43.67725],[-71.41648,43.67827],[-71.41635,43.67997],[-71.41457,43.68158]],[[-71.32432,43.62626],[-71.32612,43.62691],[-71.32707,43.62888],[-71.32679,43.63296],[-71.32468,43.63263],[-71.32249,43.62996],[-71.32343,43.62688],[-71.32432,43.62626]],[[-71.32454,43.63287],[-71.32619,43.63325],[-71.32831,43.63522],[-71.33139,43.63528],[-71.33375,43.63627],[-71.3363,43.63892],[-71.33682,43.64083],[-71.3339,43.64011],[-71.33265,43.6413],[-71.33204,43.64049],[-71.33228,43.63857],[-71.33067,43.63925],[-71.32962,43.63751],[-71.32707,43.63699],[-71.32616,43.6359],[-71.32417,43.63646],[-71.32405,43.63589],[-71.32567,43.63496],[-71.32309,43.63214],[-71.32454,43.63287]],[[-71.44229,43.62439],[-71.44302,43.62436],[-71.44345,43.62548],[-71.44433,43.62551],[-71.44326,43.62805],[-71.4414,43.62674],[-71.44131,43.62506],[-71.44229,43.62439]]]},"properties":{"a":20,"b":40}},{"type":"Feature","geometry":{"type":"Polygon","coordinates":[[[-71.39236,43.7359],[-71.393,43.73422],[-71.39062,43.73288],[-71.38876,43.72826],[-71.39222,43.72539],[-71.39352,43.72555],[-71.39326,43.7261],[-71.39481,43.72875],[-71.40016,43.72915],[-71.4015,43.73014],[-71.40305,43.72927],[-71.40147,43.72862],[-71.40083,43.72705],[-71.39967,43.72674],[-71.39973,43.72585],[-71.40096,43.72584],[-71.40214,43.7269],[-71.40362,43.72632],[-71.40498,43.72762],[-71.40524,43.72643],[-71.40649,43.72602],[-71.40734,43.72467],[-71.40788,43.72207],[-71.4075,43.72134],[-71.4111,43.72089],[-71.41087,43.72219],[-71.4092,43.72353],[-71.40946,43.72459],[-71.41335,43.7233],[-71.41389,43.72133],[-71.41331,43.71922],[-71.41369,43.71687],[-71.41064,43.7134],[-71.40864,43.71393],[-71.40949,43.7151],[-71.4091,43.71562],[-71.40717,43.71591],[-71.40621,43.72116],[-71.40527,43.72151],[-71.40531,43.71897],[-71.40382,43.7188],[-71.40208,43.71556],[-71.40128,43.71563],[-71.40072,43.71598],[-71.40138,43.71736],[-71.40104,43.71797],[-71.40226,43.72003],[-71.40156,43.72081],[-71.40168,43.72169],[-71.39961,43.72238],[-71.39831,43.72174],[-71.3991,43.71778],[-71.39768,43.71699],[-71.39785,43.71898],[-71.39637,43.72066],[-71.39529,43.7208],[-71.39585,43.72193],[-71.3948,43.72225],[-71.39358,43.72413],[-71.39178,43.72487],[-71.39034,43.72273],[-71.39091,43.72138],[-71.38993,43.72238],[-71.38607,43.72125],[-71.38452,43.7186],[-71.38186,43.7186],[-71.38139,43.7174],[-71.37786,43.71594],[-71.37551,43.71301],[-71.37306,43.71138],[-71.36671,43.71295],[-71.36178,43.70793],[-71.36028,43.70834],[-71.36007,43.70759],[-71.35749,43.70587],[-71.35546,43.70524],[-71.35415,43.70404],[-71.35358,43.70174],[-71.35273,43.7011],[-71.35226,43.69971],[-71.35319,43.69933],[-71.35084,43.69902],[-71.35125,43.69836],[-71.35221,43.69885],[-71.35416,43.69831],[-71.35561,43.70104],[-71.35928,43.70175],[-71.36057,43.70095],[-71.36132,43.69879],[-71.36056,43.69734],[-71.35836,43.69605],[-71.35416,43.69644],[-71.35532,43.69389],[-71.35456,43.6933],[-71.35468,43.69153],[-71.35648,43.69201],[-71.35789,43.69049],[-71.35996,43.68988],[-71.3601,43.68914],[-71.35845,43.6869],[-71.35848,43.68607],[-71.35691,43.68475],[-71.35606,43.68013],[-71.35221,43.67967],[-71.35151,43.67892],[-71.35194,43.67862],[-71.35096,43.67822],[-71.35088,43.67693],[-71.35229,43.6763],[-71.35126,43.67463],[-71.35264,43.67492],[-71.35438,43.67379],[-71.35433,43.67292],[-71.35313,43.67295],[-71.3521,43.67185],[-71.34176,43.67275],[-71.33855,43.67442],[-71.3391,43.67595],[-71.33692,43.67995],[-71.3346,43.68105],[-71.33323,43.67809],[-71.32996,43.67568],[-71.32642,43.67613],[-71.32369,43.67342],[-71.32102,43.67372],[-71.31992,43.67356],[-71.3189,43.67237],[-71.31782,43.67276],[-71.31728,43.67208],[-71.3185,43.67167],[-71.31733,43.67112],[-71.31862,43.67118],[-71.31855,43.67065],[-71.31595,43.6694],[-71.31435,43.66956],[-71.3133,43.66802],[-71.31144,43.66872],[-71.31065,43.67044],[-71.31263,43.67211],[-71.31493,43.67308],[-71.31667,43.673],[-71.31689,43.67361],[-71.31103,43.67397],[-71.30742,43.67266],[-71.30601,43.67078],[-71.31063,43.66909],[-71.31209,43.66793],[-71.31248,43.66676],[-71.30845,43.66381],[-71.30862,43.66305],[-71.31238,43.66167],[-71.3139,43.66237],[-71.31458,43.66348],[-71.31533,43.66203],[-71.31939,43.66049],[-71.32171,43.6615],[-71.32099,43.66192],[-71.32255,43.66274],[-71.32597,43.66177],[-71.33008,43.66214],[-71.32998,43.66421],[-71.33167,43.66567],[-71.3337,43.66616],[-71.33521,43.66627],[-71.33604,43.66562],[-71.33549,43.66461],[-71.33443,43.66485],[-71.33309,43.66406],[-71.33314,43.66325],[-71.3348,43.66226],[-71.34409,43.66562],[-71.34766,43.66537],[-71.34737,43.66673],[-71.34867,43.6668],[-71.35001,43.66783],[-71.35403,43.66667],[-71.35632,43.66713],[-71.35961,43.66649],[-71.36364,43.66837],[-71.36657,43.67092],[-71.36973,43.67211],[-71.37168,43.67212],[-71.37348,43.67338],[-71.37553,43.67377],[-71.37153,43.67546],[-71.37035,43.67734],[-71.37136,43.68024],[-71.3736,43.68186],[-71.37515,43.68207],[-71.37589,43.68041],[-71.37557,43.67967],[-71.37643,43.67919],[-71.37946,43.6807],[-71.38183,43.68061],[-71.38374,43.68186],[-71.38599,43.68132],[-71.38395,43.67864],[-71.38572,43.67691],[-71.38557,43.6756],[-71.38654,43.67527],[-71.38422,43.67277],[-71.38335,43.67266],[-71.38392,43.66967],[-71.37911,43.66743],[-71.37792,43.66522],[-71.38119,43.66639],[-71.38296,43.66628],[-71.38261,43.66739],[-71.38377,43.66869],[-71.38561,43.66894],[-71.38693,43.67],[-71.38828,43.66857],[-71.38808,43.66795],[-71.39056,43.66741],[-71.3919,43.66556],[-71.39175,43.66775],[-71.39069,43.66853],[-71.39124,43.6697],[-71.39436,43.6711],[-71.39652,43.67007],[-71.39736,43.66883],[-71.39918,43.66855],[-71.39915,43.66941],[-71.39761,43.67043],[-71.39964,43.67143],[-71.40023,43.67355],[-71.40173,43.6741],[-71.40342,43.67326],[-71.40396,43.67382],[-71.40444,43.67562],[-71.40141,43.67574],[-71.39967,43.67769],[-71.40037,43.68215],[-71.40846,43.68744],[-71.41139,43.69099],[-71.41457,43.69283],[-71.41361,43.69307],[-71.41142,43.69143],[-71.41062,43.69227],[-71.40663,43.69155],[-71.40527,43.69327],[-71.40518,43.69476],[-71.40577,43.69572],[-71.40663,43.69578],[-71.40769,43.69452],[-71.40924,43.69467],[-71.40829,43.69593],[-71.40916,43.69902],[-71.41438,43.70399],[-71.41558,43.70407],[-71.41563,43.70565],[-71.41914,43.70954],[-71.41989,43.70954],[-71.42019,43.70841],[-71.42163,43.70785],[-71.42265,43.70971],[-71.42338,43.70623],[-71.42236,43.70536],[-71.42297,43.70696],[-71.42118,43.7062],[-71.42144,43.7048],[-71.42036,43.70351],[-71.42036,43.70233],[-71.41885,43.70503],[-71.41748,43.70352],[-71.41836,43.70206],[-71.41644,43.70231],[-71.41628,43.70357],[-71.41483,43.70286],[-71.41482,43.70044],[-71.41696,43.69995],[-71.41924,43.702],[-71.42338,43.69962],[-71.42478,43.69947],[-71.42559,43.70075],[-71.42564,43.70367],[-71.42813,43.70441],[-71.42605,43.70313],[-71.42629,43.6989],[-71.42358,43.6977],[-71.42262,43.69778],[-71.42202,43.6987],[-71.41982,43.69659],[-71.42043,43.69523],[-71.41909,43.69203],[-71.41987,43.69105],[-71.4195,43.69031],[-71.42278,43.68986],[-71.42399,43.68791],[-71.42791,43.69132],[-71.43017,43.69206],[-71.43228,43.6911],[-71.43641,43.69135],[-71.4382,43.69439],[-71.43804,43.69855],[-71.43638,43.69899],[-71.43563,43.69985],[-71.43685,43.70191],[-71.43649,43.70416],[-71.43922,43.70852],[-71.44108,43.70955],[-71.44194,43.70935],[-71.44232,43.71027],[-71.44395,43.71104],[-71.44361,43.7106],[-71.44421,43.70988],[-71.44683,43.71063],[-71.44749,43.70986],[-71.44566,43.70764],[-71.44586,43.70672],[-71.44351,43.70604],[-71.44401,43.70465],[-71.44129,43.70413],[-71.44097,43.70318],[-71.43972,43.70352],[-71.44041,43.70285],[-71.44013,43.70068],[-71.44129,43.69987],[-71.44355,43.69993],[-71.44395,43.70093],[-71.44668,43.70176],[-71.4528,43.70685],[-71.45315,43.70854],[-71.45458,43.70929],[-71.45954,43.70902],[-71.45951,43.70845],[-71.46134,43.70754],[-71.46165,43.70678],[-71.46044,43.70424],[-71.45916,43.70373],[-71.45935,43.70233],[-71.45436,43.69915],[-71.45341,43.69947],[-71.45213,43.69876],[-71.45225,43.69825],[-71.45401,43.69812],[-71.45481,43.69691],[-71.45304,43.6963],[-71.45307,43.69407],[-71.44999,43.69202],[-71.4499,43.69065],[-71.45271,43.69053],[-71.45558,43.68641],[-71.45529,43.68482],[-71.45379,43.685],[-71.4526,43.68415],[-71.45353,43.67947],[-71.45271,43.67774],[-71.45115,43.67681],[-71.451,43.67446],[-71.44908,43.67409],[-71.44802,43.67292],[-71.44734,43.67434],[-71.44551,43.67326],[-71.44467,43.66847],[-71.43994,43.66672],[-71.43978,43.66521],[-71.44195,43.66294],[-71.43913,43.664],[-71.43873,43.66546],[-71.43763,43.66579],[-71.43745,43.66653],[-71.43611,43.66676],[-71.43411,43.66581],[-71.43328,43.66227],[-71.43153,43.66121],[-71.43089,43.65828],[-71.42913,43.65789],[-71.42831,43.6559],[-71.42877,43.65396],[-71.43072,43.65467],[-71.43157,43.65374],[-71.42686,43.6518],[-71.42686,43.64937],[-71.42069,43.64753],[-71.42048,43.64389],[-71.41822,43.6427],[-71.41697,43.64046],[-71.41717,43.63903],[-71.41989,43.63938],[-71.42033,43.63898],[-71.41961,43.63873],[-71.42098,43.63774],[-71.41896,43.63793],[-71.41686,43.63579],[-71.41337,43.63468],[-71.41372,43.63088],[-71.41558,43.62922],[-71.41834,43.62994],[-71.41995,43.62963],[-71.42314,43.62669],[-71.42286,43.6262],[-71.42362,43.62554],[-71.42373,43.62647],[-71.42274,43.62756],[-71.4259,43.62807],[-71.42512,43.62896],[-71.42651,43.62875],[-71.42684,43.62999],[-71.42866,43.63133],[-71.42936,43.63346],[-71.42962,43.63565],[-71.42878,43.63487],[-71.42632,43.63542],[-71.42652,43.63628],[-71.42787,43.63604],[-71.4271,43.63704],[-71.42776,43.63768],[-71.43028,43.6375],[-71.42782,43.64029],[-71.42951,43.63954],[-71.43125,43.6396],[-71.43159,43.64019],[-71.43057,43.64189],[-71.43362,43.64291],[-71.43392,43.64244],[-71.43257,43.6408],[-71.43354,43.64028],[-71.4345,43.64128],[-71.43472,43.64266],[-71.43765,43.64494],[-71.43832,43.64425],[-71.43939,43.64462],[-71.43867,43.64388],[-71.43988,43.64366],[-71.43893,43.64349],[-71.43968,43.64279],[-71.43518,43.64106],[-71.43321,43.63946],[-71.43292,43.63838],[-71.43365,43.63782],[-71.4335,43.63711],[-71.43479,43.63754],[-71.43537,43.63629],[-71.43615,43.63711],[-71.43723,43.63682],[-71.4378,43.63506],[-71.43981,43.63414],[-71.43978,43.63278],[-71.44209,43.63359],[-71.44186,43.6359],[-71.44033,43.63637],[-71.44166,43.63684],[-71.44017,43.63813],[-71.44018,43.63887],[-71.44493,43.64107],[-71.44714,43.64082],[-71.44822,43.63866],[-71.44932,43.63842],[-71.44857,43.63651],[-71.44918,43.63562],[-71.45181,43.6359],[-71.45362,43.635],[-71.4541,43.63395],[-71.45182,43.6323],[-71.45098,43.62699],[-71.44903,43.62511],[-71.44949,43.62516],[-71.45162,43.62696],[-71.45594,43.62728],[-71.45834,43.62959],[-71.46058,43.62985],[-71.45806,43.63358],[-71.46292,43.63246],[-71.46424,43.63461],[-71.46557,43.63482],[-71.46759,43.63407],[-71.46876,43.63533],[-71.47061,43.63579],[-71.47378,43.64121],[-71.4741,43.64627],[-71.47506,43.64895],[-71.47419,43.6516],[-71.47656,43.6536],[-71.48124,43.65415],[-71.48281,43.65793],[-71.48971,43.65828],[-71.49241,43.65753],[-71.49586,43.65804],[-71.49376,43.65822],[-71.49566,43.65932],[-71.49836,43.65867],[-71.4992,43.65737],[-71.49713,43.65493],[-71.49559,43.6545],[-71.49565,43.65085],[-71.48915,43.64691],[-71.48693,43.6468],[-71.48506,43.64543],[-71.48542,43.64454],[-71.48361,43.64296],[-71.48335,43.64192],[-71.48428,43.63864],[-71.47926,43.63382],[-71.47863,43.63233],[-71.47879,43.63011],[-71.47415,43.62747],[-71.47317,43.62616],[-71.47309,43.62315],[-71.47168,43.62249],[-71.47297,43.62433],[-71.46809,43.62145],[-71.4672,43.61852],[-71.46488,43.61563],[-71.46429,43.61261],[-71.45939,43.61024],[-71.45912,43.60801],[-71.45751,43.60627],[-71.45455,43.60494],[-71.45222,43.60722],[-71.44766,43.60762],[-71.44506,43.60888],[-71.44403,43.61034],[-71.44186,43.60852],[-71.44183,43.60743],[-71.43486,43.60634],[-71.43328,43.60366],[-71.43167,43.60266],[-71.4299,43.60282],[-71.4307,43.60121],[-71.43073,43.59888],[-71.43043,43.5971],[-71.42906,43.59575],[-71.42645,43.59571],[-71.42555,43.5963],[-71.42278,43.59582],[-71.42011,43.59671],[-71.41279,43.59294],[-71.41125,43.58913],[-71.4098,43.58775],[-71.40989,43.58676],[-71.41145,43.58583],[-71.41177,43.58365],[-71.41039,43.58257],[-71.40748,43.58178],[-71.40643,43.58258],[-71.40678,43.58151],[-71.40864,43.58023],[-71.40716,43.58078],[-71.40684,43.58027],[-71.40707,43.581],[-71.40592,43.58187],[-71.40675,43.57956],[-71.4042,43.57907],[-71.40373,43.57955],[-71.40423,43.57751],[-71.40334,43.57969],[-71.40563,43.58025],[-71.40554,43.58165],[-71.4004,43.58149],[-71.39991,43.58026],[-71.39951,43.58045],[-71.39997,43.58162],[-71.40199,43.58178],[-71.39901,43.58258],[-71.39715,43.58396],[-71.39929,43.58706],[-71.39903,43.5887],[-71.39391,43.58908],[-71.39089,43.58818],[-71.3906,43.58726],[-71.39185,43.58561],[-71.39559,43.58399],[-71.39559,43.58274],[-71.39608,43.58367],[-71.39616,43.58262],[-71.39718,43.58201],[-71.39558,43.58246],[-71.39359,43.58142],[-71.39182,43.58168],[-71.39198,43.58097],[-71.39359,43.58026],[-71.39227,43.58032],[-71.3916,43.58108],[-71.39053,43.58564],[-71.38801,43.58525],[-71.38531,43.58816],[-71.38326,43.58806],[-71.37821,43.58631],[-71.3765,43.58498],[-71.37226,43.58329],[-71.36454,43.57722],[-71.35893,43.57421],[-71.35566,43.57563],[-71.35201,43.57627],[-71.35203,43.57312],[-71.35175,43.57638],[-71.34954,43.57746],[-71.34499,43.57555],[-71.34304,43.57335],[-71.33558,43.57003],[-71.33408,43.56795],[-71.33231,43.56744],[-71.33337,43.56524],[-71.33291,43.56203],[-71.32682,43.5589],[-71.31803,43.55674],[-71.31441,43.5579],[-71.31272,43.55467],[-71.31072,43.55401],[-71.30787,43.55707],[-71.30451,43.55725],[-71.30378,43.55668],[-71.3044,43.55355],[-71.30746,43.5534],[-71.30414,43.55041],[-71.30428,43.54874],[-71.30311,43.54865],[-71.30324,43.54985],[-71.30152,43.55087],[-71.29481,43.54691],[-71.2976,43.54586],[-71.29806,43.54499],[-71.2976,43.54504],[-71.29705,43.54342],[-71.2976,43.54263],[-71.29699,43.54242],[-71.29645,43.54316],[-71.29659,43.54223],[-71.29505,43.54252],[-71.29691,43.54415],[-71.29725,43.54577],[-71.2933,43.54595],[-71.29175,43.54492],[-71.2889,43.54443],[-71.28867,43.5427],[-71.28678,43.54374],[-71.28365,43.543],[-71.28362,43.54209],[-71.28441,43.54158],[-71.28408,43.54071],[-71.28541,43.53967],[-71.28672,43.53965],[-71.28614,43.53902],[-71.28475,43.53901],[-71.28484,43.53963],[-71.28219,43.54052],[-71.28171,43.54316],[-71.27463,43.54319],[-71.27277,43.54256],[-71.27375,43.54198],[-71.27283,43.54049],[-71.27349,43.54002],[-71.27294,43.53975],[-71.27326,43.53894],[-71.27053,43.53859],[-71.27015,43.53775],[-71.26638,43.53773],[-71.26369,43.53658],[-71.26229,43.53493],[-71.2623,43.53309],[-71.26137,43.53197],[-71.26436,43.53074],[-71.26626,43.53212],[-71.26781,43.53209],[-71.26818,43.53112],[-71.26758,43.52935],[-71.26674,43.529],[-71.26716,43.52738],[-71.26636,43.52707],[-71.26566,43.52472],[-71.26723,43.52213],[-71.26824,43.52324],[-71.27002,43.52292],[-71.27047,43.52189],[-71.26963,43.52161],[-71.26905,43.5206],[-71.26961,43.52041],[-71.26778,43.51901],[-71.26482,43.51508],[-71.26496,43.51354],[-71.26351,43.51028],[-71.26365,43.50851],[-71.26284,43.50784],[-71.2611,43.50786],[-71.26178,43.50658],[-71.26125,43.50613],[-71.26119,43.50366],[-71.26001,43.50251],[-71.25959,43.50095],[-71.25876,43.50055],[-71.25916,43.49974],[-71.25817,43.49953],[-71.2575,43.49649],[-71.25391,43.49777],[-71.25297,43.49456],[-71.25377,43.49292],[-71.2537,43.49143],[-71.25301,43.49244],[-71.25136,43.49236],[-71.25025,43.49022],[-71.2477,43.48944],[-71.24755,43.48754],[-71.24491,43.48492],[-71.24141,43.48234],[-71.23966,43.48234],[-71.23926,43.48134],[-71.24071,43.48156],[-71.24111,43.48103],[-71.24022,43.48044],[-71.24147,43.48061],[-71.23992,43.47683],[-71.24111,43.4746],[-71.24036,43.4739],[-71.23911,43.47427],[-71.23983,43.47652],[-71.23511,43.47085],[-71.23388,43.47077],[-71.23471,43.47464],[-71.2338,43.4756],[-71.23356,43.47781],[-71.23467,43.47919],[-71.23467,43.4814],[-71.23772,43.48561],[-71.24207,43.48884],[-71.24349,43.49286],[-71.24569,43.49604],[-71.24648,43.50043],[-71.24564,43.50114],[-71.24584,43.50241],[-71.24791,43.50319],[-71.24904,43.50261],[-71.2522,43.50255],[-71.2533,43.50325],[-71.2524,43.50464],[-71.24988,43.50539],[-71.24875,43.50659],[-71.24982,43.50733],[-71.24965,43.50864],[-71.25202,43.5109],[-71.25208,43.51227],[-71.25119,43.51357],[-71.25194,43.51482],[-71.25147,43.51554],[-71.25199,43.51638],[-71.25423,43.5172],[-71.25608,43.52114],[-71.25632,43.52454],[-71.2538,43.5263],[-71.25222,43.52623],[-71.25179,43.52798],[-71.25039,43.52799],[-71.24798,43.53347],[-71.24256,43.53269],[-71.24108,43.53091],[-71.23995,43.52626],[-71.23719,43.5254],[-71.232,43.52624],[-71.23192,43.52943],[-71.23018,43.53057],[-71.23034,43.53186],[-71.22721,43.53309],[-71.22402,43.53234],[-71.21973,43.52996],[-71.21454,43.52945],[-71.21355,43.52842],[-71.21335,43.53022],[-71.21563,43.53067],[-71.21675,43.53218],[-71.21883,43.53286],[-71.22042,43.53432],[-71.21993,43.53625],[-71.22243,43.53583],[-71.22727,43.53931],[-71.22673,43.54226],[-71.2291,43.54911],[-71.22832,43.54963],[-71.22557,43.54965],[-71.22074,43.54715],[-71.21917,43.54813],[-71.21814,43.55047],[-71.21125,43.54802],[-71.21019,43.54815],[-71.20792,43.54609],[-71.20845,43.54787],[-71.20519,43.55012],[-71.20296,43.5495],[-71.20177,43.55011],[-71.20084,43.55189],[-71.20043,43.55607],[-71.19905,43.55626],[-71.19887,43.55873],[-71.1939,43.55899],[-71.1955,43.55939],[-71.19861,43.56153],[-71.19751,43.56206],[-71.19724,43.56301],[-71.19864,43.56391],[-71.19793,43.5653],[-71.19579,43.5653],[-71.19548,43.56376],[-71.19396,43.563],[-71.19403,43.56202],[-71.19258,43.56198],[-71.19072,43.55926],[-71.18924,43.55875],[-71.18814,43.55902],[-71.18843,43.56099],[-71.18976,43.56284],[-71.18965,43.56391],[-71.18619,43.5634],[-71.18288,43.56203],[-71.18375,43.56367],[-71.18366,43.56511],[-71.18859,43.5664],[-71.19048,43.56824],[-71.1951,43.57096],[-71.19602,43.57083],[-71.19715,43.56929],[-71.20058,43.5683],[-71.20259,43.56957],[-71.20708,43.5691],[-71.20746,43.56859],[-71.20922,43.5696],[-71.21204,43.57195],[-71.21119,43.5731],[-71.21207,43.57592],[-71.21024,43.57658],[-71.20922,43.578],[-71.20963,43.58174],[-71.2117,43.58397],[-71.21294,43.58374],[-71.21337,43.58424],[-71.21491,43.58324],[-71.21889,43.58322],[-71.22548,43.57938],[-71.22631,43.57727],[-71.22612,43.57505],[-71.22416,43.57355],[-71.22274,43.57373],[-71.22254,43.57329],[-71.2233,43.57136],[-71.22474,43.57086],[-71.22629,43.57157],[-71.22744,43.57125],[-71.22725,43.57237],[-71.22777,43.57276],[-71.232,43.57321],[-71.23374,43.57614],[-71.2336,43.57789],[-71.23446,43.57811],[-71.23609,43.58043],[-71.23684,43.58023],[-71.23703,43.57934],[-71.23769,43.57957],[-71.237,43.58056],[-71.2378,43.58119],[-71.24146,43.58043],[-71.24097,43.57869],[-71.24012,43.57832],[-71.24068,43.57603],[-71.24036,43.57443],[-71.23984,43.57429],[-71.24102,43.57287],[-71.24073,43.57152],[-71.24251,43.57109],[-71.24486,43.57265],[-71.24457,43.5746],[-71.24514,43.57536],[-71.25077,43.57511],[-71.25445,43.57674],[-71.25687,43.57965],[-71.25852,43.57965],[-71.25924,43.58026],[-71.25886,43.57865],[-71.26432,43.57888],[-71.26844,43.58052],[-71.26885,43.58192],[-71.27257,43.5849],[-71.27358,43.58673],[-71.27398,43.58805],[-71.27353,43.5908],[-71.2575,43.58684],[-71.25878,43.58413],[-71.2584,43.58348],[-71.25664,43.58429],[-71.25176,43.58395],[-71.24602,43.58148],[-71.2426,43.58094],[-71.24085,43.582],[-71.24222,43.58281],[-71.24176,43.58414],[-71.24262,43.58657],[-71.25882,43.59645],[-71.2612,43.59813],[-71.26284,43.60039],[-71.26327,43.60301],[-71.26092,43.60423],[-71.25954,43.60604],[-71.25785,43.60664],[-71.25792,43.60826],[-71.25516,43.60801],[-71.25454,43.60854],[-71.25603,43.61236],[-71.25843,43.61377],[-71.26095,43.61374],[-71.26815,43.61737],[-71.27244,43.61695],[-71.273,43.6174],[-71.27285,43.61875],[-71.27488,43.61971],[-71.27407,43.62104],[-71.27488,43.62186],[-71.27648,43.62109],[-71.27721,43.61983],[-71.27811,43.61978],[-71.2773,43.61901],[-71.27769,43.61835],[-71.27636,43.61834],[-71.2759,43.61684],[-71.27442,43.61576],[-71.27546,43.61564],[-71.27367,43.61448],[-71.2712,43.61492],[-71.27089,43.61377],[-71.26612,43.6122],[-71.26563,43.61048],[-71.26481,43.61015],[-71.26522,43.6091],[-71.26706,43.60853],[-71.26667,43.60662],[-71.26725,43.60593],[-71.26719,43.6043],[-71.2697,43.6014],[-71.26955,43.59785],[-71.27161,43.59541],[-71.2741,43.59454],[-71.28089,43.59585],[-71.28423,43.59483],[-71.28791,43.597],[-71.28901,43.60034],[-71.28998,43.60107],[-71.29264,43.60678],[-71.29394,43.61106],[-71.29255,43.61197],[-71.28795,43.61229],[-71.28942,43.61486],[-71.29075,43.61587],[-71.29465,43.61813],[-71.29633,43.6184],[-71.29548,43.62028],[-71.29302,43.6204],[-71.29404,43.6211],[-71.29304,43.6215],[-71.29394,43.62214],[-71.2933,43.62532],[-71.29468,43.62831],[-71.29616,43.62992],[-71.29572,43.63244],[-71.2967,43.63336],[-71.29633,43.63488],[-71.29815,43.63531],[-71.29772,43.63626],[-71.29812,43.63737],[-71.30024,43.64029],[-71.2997,43.64277],[-71.3012,43.64421],[-71.30131,43.64579],[-71.30013,43.64615],[-71.29308,43.6449],[-71.29076,43.6451],[-71.28914,43.64448],[-71.28878,43.64357],[-71.28653,43.64364],[-71.28467,43.64417],[-71.28373,43.64611],[-71.28,43.64617],[-71.27761,43.64851],[-71.27567,43.64775],[-71.27527,43.64834],[-71.27747,43.64875],[-71.27698,43.65019],[-71.27793,43.65131],[-71.2828,43.65186],[-71.28344,43.65315],[-71.29226,43.65838],[-71.29362,43.66014],[-71.29387,43.66127],[-71.2932,43.66168],[-71.28751,43.6611],[-71.28469,43.66224],[-71.28525,43.66532],[-71.28861,43.66648],[-71.29101,43.66458],[-71.29249,43.6647],[-71.29709,43.66797],[-71.29865,43.6703],[-71.29886,43.67102],[-71.29787,43.67227],[-71.2997,43.67372],[-71.29984,43.67437],[-71.29862,43.67534],[-71.29996,43.67619],[-71.29915,43.67626],[-71.29542,43.67958],[-71.29517,43.68239],[-71.29331,43.68144],[-71.29328,43.68189],[-71.29513,43.68252],[-71.29619,43.68494],[-71.30225,43.687],[-71.30233,43.6883],[-71.30265,43.6873],[-71.30532,43.6877],[-71.30344,43.68839],[-71.30471,43.68852],[-71.30585,43.68754],[-71.31217,43.68766],[-71.31548,43.68585],[-71.31676,43.68827],[-71.3187,43.6883],[-71.32305,43.69014],[-71.32491,43.68949],[-71.32613,43.68804],[-71.32642,43.69055],[-71.33248,43.69198],[-71.33718,43.69439],[-71.34252,43.69467],[-71.34144,43.69666],[-71.34483,43.70017],[-71.34449,43.70267],[-71.34867,43.70727],[-71.35198,43.707],[-71.35596,43.70855],[-71.35651,43.71009],[-71.35503,43.70986],[-71.35447,43.7105],[-71.35477,43.71118],[-71.35851,43.71189],[-71.35749,43.71395],[-71.35957,43.71376],[-71.35947,43.71276],[-71.36219,43.71208],[-71.36166,43.71277],[-71.36291,43.71378],[-71.36213,43.71375],[-71.36199,43.71516],[-71.35998,43.71615],[-71.36083,43.71691],[-71.35983,43.71771],[-71.35999,43.71855],[-71.36283,43.71981],[-71.36715,43.72058],[-71.36601,43.72008],[-71.36817,43.71936],[-71.36762,43.72067],[-71.36901,43.71997],[-71.37083,43.72067],[-71.37185,43.72],[-71.3706,43.7188],[-71.37214,43.71897],[-71.3722,43.71842],[-71.37469,43.71981],[-71.37493,43.72042],[-71.37382,43.721],[-71.37556,43.72146],[-71.37551,43.72244],[-71.37641,43.72289],[-71.37533,43.72323],[-71.37551,43.72389],[-71.37415,43.72515],[-71.37412,43.72623],[-71.37647,43.72883],[-71.3753,43.72899],[-71.37473,43.73022],[-71.37309,43.72988],[-71.37281,43.73073],[-71.37336,43.7309],[-71.37334,43.72996],[-71.37486,43.73036],[-71.37547,43.72914],[-71.3767,43.72908],[-71.37573,43.72734],[-71.37801,43.7289],[-71.37791,43.72993],[-71.37467,43.73274],[-71.37815,43.73007],[-71.37801,43.72844],[-71.37901,43.72805],[-71.37963,43.72922],[-71.38041,43.72915],[-71.37977,43.72718],[-71.38351,43.72663],[-71.38374,43.72447],[-71.38555,43.72383],[-71.38659,43.72463],[-71.38697,43.72535],[-71.38641,43.72637],[-71.38711,43.72665],[-71.38438,43.72753],[-71.38668,43.7296],[-71.38346,43.73043],[-71.38517,43.73025],[-71.38818,43.73178],[-71.38781,43.73266],[-71.3858,43.73253],[-71.38601,43.7338],[-71.38918,43.73488],[-71.38909,43.73442],[-71.39011,43.73435],[-71.39044,43.73374],[-71.39236,43.7359]],[[-71.40179,43.72518],[-71.40415,43.72239],[-71.4053,43.72328],[-71.40504,43.72402],[-71.40389,43.72434],[-71.40456,43.72497],[-71.4042,43.72536],[-71.40179,43.72518]],[[-71.39736,43.72322],[-71.39651,43.72281],[-71.39666,43.72228],[-71.39782,43.7227],[-71.39736,43.72322]],[[-71.40292,43.7224],[-71.40356,43.72276],[-71.40276,43.72302],[-71.40292,43.7224]],[[-71.40531,43.72241],[-71.40614,43.72178],[-71.40698,43.72261],[-71.40531,43.72241]],[[-71.40586,43.72315],[-71.40652,43.72357],[-71.40623,43.72563],[-71.40573,43.72521],[-71.40586,43.72315]],[[-71.39498,43.72614],[-71.39674,43.72711],[-71.39579,43.72746],[-71.39498,43.72614]],[[-71.41012,43.71533],[-71.40969,43.71479],[-71.4103,43.71488],[-71.41012,43.71533]],[[-71.38272,43.72377],[-71.38119,43.72449],[-71.37968,43.72374],[-71.37961,43.7223],[-71.38114,43.72097],[-71.38117,43.71927],[-71.38036,43.7184],[-71.37829,43.71772],[-71.3765,43.71621],[-71.37425,43.71702],[-71.36937,43.71667],[-71.36902,43.71549],[-71.36547,43.71454],[-71.36413,43.7118],[-71.36189,43.71117],[-71.36105,43.71003],[-71.35254,43.70514],[-71.35135,43.7032],[-71.34622,43.69853],[-71.34598,43.69591],[-71.34667,43.69478],[-71.34557,43.69355],[-71.34057,43.69344],[-71.33084,43.69043],[-71.32996,43.68996],[-71.32908,43.68754],[-71.32003,43.6858],[-71.31779,43.68452],[-71.30612,43.68583],[-71.30119,43.68143],[-71.30062,43.67973],[-71.30426,43.67585],[-71.30227,43.67126],[-71.30046,43.66963],[-71.30151,43.66753],[-71.2994,43.66461],[-71.29741,43.66331],[-71.29544,43.66443],[-71.29211,43.66375],[-71.28936,43.66481],[-71.28813,43.66408],[-71.28843,43.66327],[-71.2895,43.66285],[-71.29608,43.66243],[-71.29779,43.6614],[-71.29798,43.66022],[-71.29634,43.65856],[-71.28529,43.65291],[-71.28157,43.64986],[-71.28085,43.6485],[-71.28182,43.64719],[-71.28394,43.64714],[-71.28599,43.64958],[-71.28874,43.65027],[-71.2876,43.65128],[-71.28825,43.65237],[-71.2931,43.6541],[-71.2947,43.65327],[-71.29506,43.65183],[-71.29328,43.65003],[-71.28996,43.64906],[-71.28965,43.64568],[-71.30216,43.64733],[-71.30378,43.64718],[-71.30453,43.6459],[-71.30427,43.64484],[-71.30241,43.64317],[-71.3014,43.63891],[-71.2975,43.6326],[-71.29517,43.62623],[-71.29514,43.62212],[-71.29701,43.61951],[-71.29704,43.61822],[-71.2906,43.61357],[-71.29184,43.61281],[-71.29509,43.61303],[-71.2964,43.60627],[-71.29426,43.60621],[-71.29344,43.60559],[-71.29084,43.59886],[-71.28618,43.59426],[-71.28337,43.59287],[-71.2771,43.59347],[-71.2734,43.5924],[-71.27278,43.59353],[-71.27051,43.59467],[-71.26926,43.59607],[-71.26678,43.60242],[-71.26642,43.60489],[-71.26398,43.60997],[-71.26518,43.61225],[-71.27384,43.61645],[-71.26643,43.61548],[-71.25868,43.61149],[-71.25659,43.60914],[-71.26108,43.60649],[-71.26366,43.60384],[-71.26443,43.60146],[-71.2639,43.59911],[-71.25995,43.59527],[-71.24685,43.58693],[-71.24541,43.58526],[-71.24607,43.58343],[-71.24889,43.58314],[-71.25235,43.58502],[-71.25575,43.58568],[-71.25774,43.58701],[-71.26578,43.58979],[-71.26768,43.59102],[-71.27469,43.59134],[-71.27562,43.58985],[-71.27485,43.58687],[-71.26856,43.5794],[-71.26259,43.57715],[-71.25803,43.57763],[-71.2553,43.57536],[-71.25256,43.57435],[-71.24639,43.57385],[-71.24278,43.56994],[-71.23954,43.57048],[-71.23971,43.57141],[-71.23872,43.57257],[-71.23851,43.57401],[-71.23884,43.57787],[-71.23741,43.57829],[-71.23547,43.57652],[-71.23476,43.57438],[-71.23196,43.57187],[-71.22489,43.56978],[-71.2237,43.57027],[-71.22237,43.56996],[-71.22166,43.57087],[-71.22181,43.57392],[-71.22373,43.57482],[-71.22505,43.5764],[-71.22447,43.57788],[-71.21832,43.58227],[-71.21359,43.5826],[-71.21238,43.58149],[-71.212,43.58018],[-71.21411,43.5754],[-71.21286,43.57183],[-71.20955,43.56869],[-71.20783,43.56799],[-71.1991,43.56737],[-71.19622,43.56789],[-71.19483,43.56908],[-71.18699,43.56472],[-71.19059,43.56441],[-71.19161,43.56254],[-71.19533,43.56621],[-71.20547,43.56416],[-71.20567,43.56327],[-71.20367,43.56213],[-71.20292,43.56028],[-71.20004,43.55971],[-71.20268,43.55562],[-71.20319,43.55273],[-71.2039,43.5521],[-71.21348,43.55056],[-71.21944,43.55142],[-71.22061,43.54967],[-71.22161,43.54925],[-71.22642,43.55067],[-71.23,43.55055],[-71.2304,43.54979],[-71.22843,43.54351],[-71.22825,43.53928],[-71.22636,43.53631],[-71.22652,43.53525],[-71.23142,43.53348],[-71.23223,43.53226],[-71.23364,43.53271],[-71.23556,43.5316],[-71.23739,43.53258],[-71.24,43.53193],[-71.24342,43.53397],[-71.2483,43.53475],[-71.25158,43.52903],[-71.25686,43.52455],[-71.25685,43.52114],[-71.25268,43.50742],[-71.25281,43.50582],[-71.25385,43.50421],[-71.25367,43.50304],[-71.25234,43.50211],[-71.24852,43.50121],[-71.24812,43.49894],[-71.24328,43.48871],[-71.23878,43.48431],[-71.23618,43.4804],[-71.2349,43.47652],[-71.23578,43.47343],[-71.23649,43.47357],[-71.23755,43.47692],[-71.23693,43.47963],[-71.23754,43.4812],[-71.2415,43.48351],[-71.24692,43.48914],[-71.24947,43.49094],[-71.25246,43.49644],[-71.25725,43.50008],[-71.25989,43.50438],[-71.26077,43.50869],[-71.26641,43.5185],[-71.26686,43.52078],[-71.26502,43.52452],[-71.2657,43.52926],[-71.25967,43.53148],[-71.26002,43.53293],[-71.26391,43.53722],[-71.27197,43.54003],[-71.27275,43.54088],[-71.27224,43.54271],[-71.27303,43.54337],[-71.28505,43.54367],[-71.29148,43.54634],[-71.30233,43.55208],[-71.30294,43.55304],[-71.30296,43.55689],[-71.30365,43.55752],[-71.30838,43.55732],[-71.30997,43.55842],[-71.31187,43.5577],[-71.32508,43.56181],[-71.33036,43.56276],[-71.33149,43.56397],[-71.3312,43.56686],[-71.3319,43.56851],[-71.33998,43.57315],[-71.34397,43.57665],[-71.34786,43.57741],[-71.35098,43.57953],[-71.35306,43.57939],[-71.35504,43.57723],[-71.35775,43.57751],[-71.36665,43.58109],[-71.37839,43.58736],[-71.38465,43.58887],[-71.38834,43.58688],[-71.38846,43.58876],[-71.39915,43.58994],[-71.40018,43.58908],[-71.39942,43.58576],[-71.40038,43.58371],[-71.40246,43.58278],[-71.40922,43.58307],[-71.41036,43.58476],[-71.4088,43.58688],[-71.40889,43.58895],[-71.41223,43.59442],[-71.41724,43.59727],[-71.41982,43.59743],[-71.42325,43.59647],[-71.42636,43.5968],[-71.4284,43.5991],[-71.42842,43.60348],[-71.42376,43.6014],[-71.41916,43.60209],[-71.41573,43.60009],[-71.41355,43.60054],[-71.41051,43.5999],[-71.4082,43.6015],[-71.40909,43.60359],[-71.41115,43.6056],[-71.42296,43.61589],[-71.42762,43.6173],[-71.43603,43.61815],[-71.44094,43.62065],[-71.44133,43.61876],[-71.43891,43.61155],[-71.43701,43.6089],[-71.43328,43.60659],[-71.43238,43.60473],[-71.43302,43.60462],[-71.43471,43.60667],[-71.43947,43.60811],[-71.44395,43.61075],[-71.44735,43.61022],[-71.44994,43.61066],[-71.4508,43.60801],[-71.45365,43.60721],[-71.45525,43.60592],[-71.45861,43.61027],[-71.46334,43.61339],[-71.46809,43.62207],[-71.47145,43.62356],[-71.47249,43.6267],[-71.47743,43.63033],[-71.47814,43.6334],[-71.48245,43.63839],[-71.48263,43.64182],[-71.48489,43.6456],[-71.49254,43.64952],[-71.49406,43.65111],[-71.49477,43.65447],[-71.49745,43.65582],[-71.49698,43.65706],[-71.49386,43.65656],[-71.49184,43.65734],[-71.48398,43.65705],[-71.48303,43.65636],[-71.48192,43.65388],[-71.47894,43.65256],[-71.47724,43.65087],[-71.47403,43.64025],[-71.4718,43.6362],[-71.46951,43.63434],[-71.46576,43.63301],[-71.46366,43.63151],[-71.46249,43.63123],[-71.45936,43.63211],[-71.46161,43.63051],[-71.46138,43.62887],[-71.45633,43.6262],[-71.45074,43.62416],[-71.44832,43.62398],[-71.44714,43.62494],[-71.44698,43.62676],[-71.4489,43.63175],[-71.44326,43.63773],[-71.44274,43.63744],[-71.44306,43.63391],[-71.44249,43.63171],[-71.43836,43.62423],[-71.43591,43.62226],[-71.43323,43.62307],[-71.43021,43.6226],[-71.42916,43.6241],[-71.43037,43.62863],[-71.43335,43.63268],[-71.43652,43.63511],[-71.43447,43.63583],[-71.43312,43.63719],[-71.43196,43.63691],[-71.43125,43.63761],[-71.43087,43.63659],[-71.42992,43.63645],[-71.43051,43.63473],[-71.42955,43.6316],[-71.42718,43.62782],[-71.42473,43.62646],[-71.4245,43.62425],[-71.4214,43.62704],[-71.41903,43.62685],[-71.41821,43.62837],[-71.41496,43.62836],[-71.41282,43.62982],[-71.4114,43.6317],[-71.41109,43.63337],[-71.41343,43.63532],[-71.41611,43.63643],[-71.41703,43.63821],[-71.41608,43.63867],[-71.41607,43.64088],[-71.41953,43.64421],[-71.42055,43.64754],[-71.42461,43.64914],[-71.42497,43.65101],[-71.42678,43.65277],[-71.42587,43.65386],[-71.42588,43.65506],[-71.42465,43.65551],[-71.42422,43.65639],[-71.42664,43.65686],[-71.4273,43.658],[-71.42347,43.65807],[-71.42228,43.66049],[-71.42332,43.66505],[-71.42411,43.66555],[-71.42727,43.66547],[-71.43071,43.66179],[-71.43146,43.66191],[-71.43476,43.66671],[-71.43735,43.66747],[-71.4407,43.66947],[-71.44492,43.67366],[-71.44855,43.67574],[-71.45186,43.68083],[-71.45192,43.68229],[-71.44993,43.68469],[-71.44733,43.68588],[-71.44719,43.68781],[-71.44861,43.69015],[-71.44897,43.69258],[-71.4518,43.69473],[-71.45237,43.69707],[-71.4481,43.69661],[-71.44733,43.69714],[-71.44729,43.69823],[-71.44849,43.69939],[-71.45082,43.6987],[-71.45261,43.69942],[-71.45304,43.70215],[-71.45783,43.70416],[-71.45852,43.70594],[-71.45751,43.70755],[-71.45527,43.70761],[-71.44988,43.70295],[-71.44492,43.70002],[-71.44355,43.69858],[-71.44074,43.69777],[-71.43954,43.69848],[-71.43874,43.70017],[-71.43893,43.70361],[-71.441,43.70597],[-71.44076,43.70672],[-71.43908,43.70541],[-71.43812,43.70364],[-71.43811,43.7005],[-71.43946,43.69643],[-71.43655,43.68838],[-71.43346,43.68828],[-71.43073,43.69003],[-71.42816,43.68902],[-71.42669,43.68772],[-71.42612,43.68163],[-71.42388,43.68095],[-71.42316,43.67858],[-71.42205,43.67853],[-71.41938,43.68052],[-71.4179,43.68302],[-71.41758,43.68555],[-71.41948,43.68803],[-71.4194,43.68955],[-71.41626,43.69116],[-71.41305,43.69046],[-71.4095,43.6861],[-71.40551,43.68375],[-71.40407,43.68221],[-71.4041,43.67886],[-71.40591,43.67654],[-71.40623,43.67511],[-71.40418,43.6728],[-71.40192,43.67277],[-71.40095,43.672],[-71.4,43.67015],[-71.40056,43.66637],[-71.39825,43.66732],[-71.3963,43.66927],[-71.39425,43.66967],[-71.39337,43.66846],[-71.39366,43.66557],[-71.39301,43.66454],[-71.39049,43.66582],[-71.389,43.66406],[-71.38516,43.66561],[-71.3773,43.66417],[-71.37703,43.66487],[-71.37848,43.66707],[-71.38304,43.66965],[-71.38349,43.67098],[-71.38239,43.67287],[-71.38486,43.6741],[-71.38461,43.67514],[-71.38231,43.67707],[-71.38224,43.67854],[-71.38134,43.67875],[-71.37888,43.67769],[-71.37837,43.67632],[-71.37886,43.67402],[-71.37633,43.67412],[-71.37737,43.67277],[-71.36857,43.66984],[-71.36337,43.66646],[-71.35902,43.66562],[-71.35032,43.66679],[-71.34956,43.66562],[-71.35205,43.66529],[-71.35224,43.66395],[-71.35565,43.66291],[-71.35811,43.66034],[-71.35847,43.65706],[-71.35601,43.6526],[-71.35628,43.65044],[-71.36002,43.64451],[-71.35941,43.64295],[-71.34832,43.63331],[-71.34631,43.63119],[-71.34535,43.6291],[-71.3406,43.62929],[-71.33763,43.62824],[-71.33776,43.62751],[-71.34063,43.62581],[-71.34039,43.62433],[-71.33539,43.61978],[-71.33036,43.61841],[-71.3285,43.61885],[-71.328,43.62016],[-71.32944,43.62221],[-71.33004,43.62464],[-71.33221,43.62625],[-71.33327,43.62981],[-71.3291,43.62968],[-71.32824,43.63107],[-71.32841,43.63287],[-71.32955,43.63381],[-71.33373,43.63449],[-71.3369,43.63779],[-71.33786,43.64025],[-71.3369,43.64204],[-71.33349,43.64257],[-71.3326,43.64428],[-71.33093,43.64449],[-71.33176,43.64391],[-71.33185,43.64235],[-71.33118,43.64156],[-71.33152,43.63994],[-71.32999,43.64004],[-71.32898,43.6382],[-71.32692,43.63798],[-71.32573,43.637],[-71.32366,43.63727],[-71.32169,43.63666],[-71.32173,43.63614],[-71.32421,43.63547],[-71.32434,43.6349],[-71.32184,43.63148],[-71.32038,43.63025],[-71.31849,43.62984],[-71.3189,43.62916],[-71.32097,43.62871],[-71.32153,43.62681],[-71.321,43.62221],[-71.31996,43.61976],[-71.31395,43.61704],[-71.30955,43.61733],[-71.30699,43.61693],[-71.30554,43.61582],[-71.30422,43.61603],[-71.30287,43.61736],[-71.30231,43.61904],[-71.30375,43.62171],[-71.29843,43.62199],[-71.29705,43.62306],[-71.29656,43.62465],[-71.29783,43.62756],[-71.30318,43.6298],[-71.30588,43.63227],[-71.30637,43.63401],[-71.30536,43.63608],[-71.30556,43.63713],[-71.30995,43.63796],[-71.31304,43.63689],[-71.3148,43.6371],[-71.31555,43.63804],[-71.31437,43.6436],[-71.31476,43.64416],[-71.31807,43.64395],[-71.32393,43.6454],[-71.32712,43.64473],[-71.32802,43.64513],[-71.32666,43.64635],[-71.32494,43.64678],[-71.32351,43.64888],[-71.31866,43.64855],[-71.31697,43.64709],[-71.31331,43.6479],[-71.30989,43.64623],[-71.30664,43.64769],[-71.30669,43.64961],[-71.30975,43.65349],[-71.30619,43.65364],[-71.30476,43.65427],[-71.3025,43.65594],[-71.30171,43.65731],[-71.30379,43.65929],[-71.30304,43.66274],[-71.30598,43.66754],[-71.30583,43.67104],[-71.30708,43.67353],[-71.30848,43.67463],[-71.31189,43.67531],[-71.31685,43.67456],[-71.31952,43.67481],[-71.32264,43.67642],[-71.32605,43.67975],[-71.33076,43.68005],[-71.33555,43.68254],[-71.33811,43.68086],[-71.34246,43.67455],[-71.34512,43.67338],[-71.34829,43.67356],[-71.34962,43.67503],[-71.35034,43.67885],[-71.35329,43.68175],[-71.35313,43.68478],[-71.35072,43.6881],[-71.35328,43.69001],[-71.35381,43.69169],[-71.35295,43.69602],[-71.3511,43.697],[-71.35072,43.69788],[-71.35193,43.70198],[-71.35629,43.70598],[-71.36654,43.71295],[-71.37166,43.71343],[-71.37284,43.71552],[-71.37414,43.71453],[-71.37606,43.7146],[-71.38141,43.71828],[-71.38169,43.71969],[-71.3846,43.71998],[-71.38504,43.72115],[-71.38272,43.72377]],[[-71.37638,43.7244],[-71.37585,43.72415],[-71.37661,43.72384],[-71.37638,43.7244]],[[-71.37978,43.72089],[-71.37968,43.72042],[-71.37997,43.72056],[-71.37978,43.72089]],[[-71.37675,43.71989],[-71.37536,43.71984],[-71.37405,43.71887],[-71.37453,43.71744],[-71.37629,43.71699],[-71.37746,43.71819],[-71.37675,43.71989]],[[-71.36478,43.71839],[-71.36433,43.71899],[-71.36329,43.71733],[-71.36428,43.71713],[-71.36503,43.71788],[-71.36478,43.71839]],[[-71.36585,43.71716],[-71.36594,43.71645],[-71.36636,43.7174],[-71.36585,43.71716]],[[-71.36671,43.71651],[-71.36687,43.71642],[-71.367,43.71676],[-71.36671,43.71651]],[[-71.37289,43.71766],[-71.37327,43.71795],[-71.37289,43.7179],[-71.37289,43.71766]],[[-71.35931,43.70999],[-71.35897,43.71011],[-71.35912,43.70987],[-71.35931,43.70999]],[[-71.30152,43.67655],[-71.30108,43.67651],[-71.3014,43.67635],[-71.30152,43.67655]],[[-71.28466,43.64706],[-71.28463,43.64631],[-71.28583,43.64586],[-71.28853,43.64678],[-71.28867,43.64788],[-71.28805,43.64917],[-71.2864,43.64938],[-71.28567,43.64762],[-71.28466,43.64706]],[[-71.29117,43.65012],[-71.29244,43.65102],[-71.29224,43.65243],[-71.29116,43.65296],[-71.2895,43.65264],[-71.28882,43.65081],[-71.29117,43.65012]],[[-71.19622,43.56834],[-71.19654,43.56874],[-71.19588,43.56866],[-71.19622,43.56834]],[[-71.2002,43.56367],[-71.19843,43.56294],[-71.19957,43.56228],[-71.19901,43.5616],[-71.20064,43.56067],[-71.20264,43.56143],[-71.20276,43.56221],[-71.20128,43.56298],[-71.20114,43.56366],[-71.2002,43.56367]],[[-71.22383,43.53395],[-71.22297,43.53389],[-71.22236,43.53312],[-71.22383,43.53395]],[[-71.26769,43.52133],[-71.2679,43.52136],[-71.26778,43.52143],[-71.26769,43.52133]],[[-71.26807,43.52163],[-71.26832,43.5216],[-71.26825,43.52169],[-71.26807,43.52163]],[[-71.2603,43.53196],[-71.26056,43.53184],[-71.2607,43.53227],[-71.2603,43.53196]],[[-71.30448,43.55111],[-71.30486,43.55126],[-71.30468,43.55132],[-71.30448,43.55111]],[[-71.38978,43.588],[-71.39037,43.58835],[-71.38966,43.5887],[-71.38978,43.588]],[[-71.42944,43.60347],[-71.42988,43.6036],[-71.42929,43.60474],[-71.43377,43.60797],[-71.43759,43.61287],[-71.4387,43.61565],[-71.43794,43.61738],[-71.42732,43.61623],[-71.42398,43.61454],[-71.41941,43.61165],[-71.41844,43.61009],[-71.41564,43.60818],[-71.41407,43.6053],[-71.41035,43.60315],[-71.40954,43.60199],[-71.41148,43.60074],[-71.41387,43.60327],[-71.4149,43.60314],[-71.41628,43.60139],[-71.4177,43.60281],[-71.42112,43.60392],[-71.42375,43.60398],[-71.42559,43.60293],[-71.42825,43.60396],[-71.42944,43.60347]],[[-71.43971,43.61899],[-71.44007,43.6191],[-71.43995,43.61959],[-71.43971,43.61899]],[[-71.45079,43.63204],[-71.45076,43.63317],[-71.44914,43.63308],[-71.45079,43.63204]],[[-71.44792,43.63503],[-71.44781,43.63552],[-71.44758,43.63524],[-71.44792,43.63503]],[[-71.43945,43.63257],[-71.43919,43.63447],[-71.43791,43.63479],[-71.43565,43.63338],[-71.43579,43.6327],[-71.43273,43.63192],[-71.43327,43.62842],[-71.4324,43.62732],[-71.43112,43.62865],[-71.43092,43.62796],[-71.43182,43.62703],[-71.43026,43.62506],[-71.43043,43.62393],[-71.43305,43.62428],[-71.43559,43.6236],[-71.43635,43.62409],[-71.43775,43.62646],[-71.43882,43.62699],[-71.43846,43.62732],[-71.4391,43.62761],[-71.43928,43.62986],[-71.4409,43.63114],[-71.44085,43.63218],[-71.43945,43.63257]],[[-71.43969,43.627],[-71.44007,43.62721],[-71.43977,43.62725],[-71.43969,43.627]],[[-71.43917,43.62809],[-71.43949,43.62809],[-71.43928,43.62821],[-71.43917,43.62809]],[[-71.42669,43.65399],[-71.42721,43.65497],[-71.42654,43.65485],[-71.42669,43.65399]],[[-71.42559,43.65861],[-71.42706,43.65971],[-71.42973,43.6603],[-71.43041,43.6621],[-71.42799,43.66355],[-71.4277,43.66463],[-71.42643,43.66546],[-71.42559,43.66448],[-71.42391,43.66523],[-71.42324,43.66348],[-71.42318,43.65968],[-71.42559,43.65861]],[[-71.43069,43.66064],[-71.43098,43.66071],[-71.43084,43.661],[-71.43069,43.66064]],[[-71.44924,43.69747],[-71.45059,43.69842],[-71.44816,43.69879],[-71.44789,43.69811],[-71.44924,43.69747]],[[-71.45455,43.70138],[-71.45599,43.70197],[-71.45465,43.70262],[-71.45349,43.70222],[-71.45455,43.70138]],[[-71.45654,43.70196],[-71.4588,43.70284],[-71.45715,43.70311],[-71.45639,43.70265],[-71.45654,43.70196]],[[-71.44097,43.70418],[-71.44134,43.70461],[-71.44087,43.7044],[-71.44097,43.70418]],[[-71.43472,43.68997],[-71.43395,43.68922],[-71.43452,43.68878],[-71.43472,43.68997]],[[-71.42355,43.6874],[-71.42245,43.68714],[-71.42217,43.68505],[-71.4215,43.68551],[-71.42159,43.6866],[-71.42005,43.68703],[-71.41892,43.68698],[-71.41886,43.68624],[-71.41772,43.68543],[-71.41805,43.68324],[-71.41947,43.68164],[-71.42224,43.68093],[-71.42309,43.68166],[-71.42272,43.68258],[-71.42407,43.68189],[-71.42512,43.68267],[-71.42513,43.68378],[-71.42419,43.6846],[-71.42512,43.68616],[-71.42355,43.6874]],[[-71.37667,43.677],[-71.37467,43.67689],[-71.3744,43.67594],[-71.37628,43.67528],[-71.3769,43.67593],[-71.37667,43.677]],[[-71.35052,43.66551],[-71.34936,43.66472],[-71.34837,43.66486],[-71.34913,43.66355],[-71.34885,43.66226],[-71.34269,43.66088],[-71.33929,43.65623],[-71.33724,43.65592],[-71.33622,43.65479],[-71.33485,43.65451],[-71.33146,43.65077],[-71.32717,43.64923],[-71.3265,43.64845],[-71.32897,43.6468],[-71.32987,43.64521],[-71.33105,43.64574],[-71.33042,43.64667],[-71.33219,43.64768],[-71.33289,43.64666],[-71.33265,43.64524],[-71.33456,43.64362],[-71.33575,43.64395],[-71.33825,43.64302],[-71.33845,43.64369],[-71.34031,43.64398],[-71.34051,43.64341],[-71.33951,43.64326],[-71.3402,43.64153],[-71.33929,43.64064],[-71.34025,43.6396],[-71.33884,43.63975],[-71.33961,43.63792],[-71.33729,43.63608],[-71.33778,43.63324],[-71.33556,43.62903],[-71.34104,43.63044],[-71.34475,43.62963],[-71.34524,43.63016],[-71.34502,43.6321],[-71.34626,43.63352],[-71.34673,43.63334],[-71.3467,43.63398],[-71.35111,43.63868],[-71.35806,43.64375],[-71.35815,43.64558],[-71.35674,43.6463],[-71.35595,43.648],[-71.35448,43.64862],[-71.35287,43.65129],[-71.35583,43.65498],[-71.35603,43.65664],[-71.3527,43.66282],[-71.35029,43.66329],[-71.35001,43.66456],[-71.35082,43.66516],[-71.35052,43.66551]],[[-71.34403,43.66477],[-71.34272,43.66403],[-71.34444,43.66387],[-71.34403,43.66477]],[[-71.34784,43.66385],[-71.34365,43.66275],[-71.34003,43.66264],[-71.33604,43.66133],[-71.33405,43.6616],[-71.33289,43.66261],[-71.33274,43.66364],[-71.3319,43.6638],[-71.3314,43.66247],[-71.33242,43.66092],[-71.32907,43.66129],[-71.32644,43.65946],[-71.32436,43.65893],[-71.32578,43.65793],[-71.3263,43.65616],[-71.32513,43.65425],[-71.3288,43.65318],[-71.33393,43.6544],[-71.33787,43.65719],[-71.33988,43.65957],[-71.34738,43.6629],[-71.3481,43.6634],[-71.34784,43.66385]],[[-71.34431,43.66362],[-71.34388,43.66356],[-71.34415,43.66338],[-71.34431,43.66362]],[[-71.3155,43.66033],[-71.31652,43.66062],[-71.31612,43.6615],[-71.3138,43.66121],[-71.31226,43.66004],[-71.31321,43.6594],[-71.312,43.65915],[-71.31208,43.65842],[-71.3155,43.66033]],[[-71.30779,43.66082],[-71.30616,43.66058],[-71.30772,43.66024],[-71.30779,43.66082]],[[-71.32288,43.65837],[-71.32204,43.65774],[-71.31978,43.65811],[-71.31805,43.65482],[-71.32024,43.65489],[-71.32296,43.65383],[-71.32236,43.65545],[-71.32311,43.65654],[-71.32288,43.65837]],[[-71.31046,43.65817],[-71.30997,43.65788],[-71.31,43.65747],[-71.31046,43.65817]],[[-71.31628,43.65497],[-71.31469,43.65416],[-71.31327,43.65483],[-71.31263,43.65425],[-71.31361,43.65287],[-71.31339,43.6523],[-71.31039,43.65185],[-71.30997,43.65108],[-71.30854,43.65116],[-71.30881,43.65024],[-71.30787,43.65049],[-71.3064,43.64852],[-71.30767,43.64863],[-71.30855,43.6474],[-71.30942,43.64788],[-71.3099,43.64915],[-71.31316,43.64852],[-71.31396,43.64901],[-71.31367,43.64954],[-71.3146,43.64974],[-71.31617,43.64903],[-71.31441,43.65169],[-71.31463,43.65274],[-71.31712,43.65374],[-71.31628,43.65497]],[[-71.31634,43.64846],[-71.31672,43.64894],[-71.31631,43.64875],[-71.31634,43.64846]],[[-71.31878,43.64943],[-71.32181,43.6504],[-71.31779,43.6503],[-71.31878,43.64943]],[[-71.31672,43.65068],[-71.31637,43.65026],[-71.31754,43.65029],[-71.31672,43.65068]],[[-71.31632,43.65074],[-71.31563,43.65107],[-71.31573,43.65061],[-71.31632,43.65074]],[[-71.32363,43.65207],[-71.32465,43.65237],[-71.32365,43.65287],[-71.32323,43.65257],[-71.32363,43.65207]],[[-71.31658,43.65902],[-71.31753,43.65972],[-71.31617,43.65905],[-71.31658,43.65902]],[[-71.33431,43.62562],[-71.33189,43.62542],[-71.33071,43.61988],[-71.3335,43.61994],[-71.3389,43.62487],[-71.33886,43.62529],[-71.33431,43.62562]],[[-71.32801,43.64401],[-71.3193,43.64353],[-71.3184,43.64199],[-71.3175,43.64218],[-71.31789,43.64151],[-71.31641,43.64002],[-71.32027,43.63727],[-71.3218,43.63724],[-71.32302,43.63858],[-71.3254,43.63782],[-71.33027,43.64141],[-71.32996,43.64332],[-71.33042,43.6436],[-71.32801,43.64401]],[[-71.31959,43.63751],[-71.31892,43.63739],[-71.31914,43.63645],[-71.31609,43.63619],[-71.31464,43.63488],[-71.31292,43.63571],[-71.31028,43.63555],[-71.31057,43.63622],[-71.30898,43.6374],[-71.30875,43.63651],[-71.30932,43.63662],[-71.30955,43.63508],[-71.3073,43.63347],[-71.30738,43.63263],[-71.30602,43.6317],[-71.3057,43.62982],[-71.30466,43.62831],[-71.30422,43.62889],[-71.30367,43.62853],[-71.30341,43.6268],[-71.30189,43.62848],[-71.30121,43.62854],[-71.30051,43.62737],[-71.29822,43.6276],[-71.29812,43.62455],[-71.29943,43.62451],[-71.29981,43.62352],[-71.30125,43.62341],[-71.30244,43.62371],[-71.30363,43.62502],[-71.30987,43.62496],[-71.31068,43.62598],[-71.31243,43.62625],[-71.31075,43.62451],[-71.31039,43.6224],[-71.3054,43.62146],[-71.30518,43.61919],[-71.30651,43.61886],[-71.30643,43.61799],[-71.3079,43.61846],[-71.31148,43.61795],[-71.31786,43.61951],[-71.31866,43.62052],[-71.31821,43.6213],[-71.31866,43.62328],[-71.32007,43.6248],[-71.31898,43.62839],[-71.3169,43.6285],[-71.31643,43.62757],[-71.31299,43.62654],[-71.31412,43.62745],[-71.31364,43.62912],[-71.31519,43.62883],[-71.31637,43.63099],[-71.31718,43.63043],[-71.31945,43.63111],[-71.32017,43.63217],[-71.32081,43.63211],[-71.32052,43.63284],[-71.32168,43.63309],[-71.3216,43.63431],[-71.32272,43.63431],[-71.32249,43.63524],[-71.32162,43.6348],[-71.31948,43.63639],[-71.31959,43.63751]],[[-71.29749,43.62493],[-71.29709,43.6243],[-71.29752,43.62428],[-71.29749,43.62493]],[[-71.29897,43.62397],[-71.29748,43.62372],[-71.29742,43.62304],[-71.29827,43.62289],[-71.29897,43.62397]],[[-71.30366,43.61853],[-71.30329,43.61859],[-71.30324,43.61817],[-71.30366,43.61853]],[[-71.31827,43.61973],[-71.31847,43.61949],[-71.31843,43.61988],[-71.31827,43.61973]],[[-71.30781,43.61773],[-71.30739,43.61745],[-71.30797,43.6174],[-71.30781,43.61773]],[[-71.30682,43.66182],[-71.30794,43.66204],[-71.30744,43.66259],[-71.30682,43.66182]],[[-71.32596,43.67637],[-71.32615,43.67649],[-71.32554,43.67691],[-71.32596,43.67637]],[[-71.3281,43.67826],[-71.3286,43.67845],[-71.32842,43.67898],[-71.3281,43.67826]],[[-71.35365,43.68492],[-71.35421,43.68502],[-71.35426,43.68601],[-71.35316,43.68625],[-71.35291,43.68553],[-71.35365,43.68492]],[[-71.35537,43.68649],[-71.35671,43.68664],[-71.35667,43.68727],[-71.3536,43.6888],[-71.35409,43.68727],[-71.35537,43.68649]],[[-71.35844,43.69829],[-71.35932,43.6985],[-71.35906,43.69943],[-71.35743,43.69908],[-71.35844,43.69829]],[[-71.3522,43.70119],[-71.35241,43.7017],[-71.35183,43.70156],[-71.3522,43.70119]],[[-71.38184,43.71912],[-71.38218,43.71916],[-71.38149,43.71916],[-71.38184,43.71912]],[[-71.38531,43.72156],[-71.38587,43.72167],[-71.38587,43.72244],[-71.38667,43.72244],[-71.38642,43.72313],[-71.38485,43.72263],[-71.38531,43.72244],[-71.38456,43.72177],[-71.38531,43.72156]],[[-71.3886,43.72242],[-71.38926,43.72265],[-71.38889,43.723],[-71.3886,43.72242]],[[-71.37397,43.67998],[-71.37438,43.68085],[-71.37278,43.68041],[-71.37397,43.67998]],[[-71.41333,43.69345],[-71.41522,43.69523],[-71.416,43.69514],[-71.4163,43.69391],[-71.41763,43.69411],[-71.4185,43.69714],[-71.41786,43.69873],[-71.41276,43.69939],[-71.411,43.69821],[-71.41078,43.69656],[-71.41255,43.69373],[-71.41333,43.69345]],[[-71.43162,43.6381],[-71.432,43.6381],[-71.43202,43.63842],[-71.43162,43.6381]],[[-71.21714,43.53138],[-71.21657,43.53135],[-71.21669,43.53115],[-71.21714,43.53138]],[[-71.37435,43.73019],[-71.3742,43.7301],[-71.37435,43.73007],[-71.37435,43.73019]]]},"properties":{"a":0,"b":20}},{"type":"Feature","geometry":{"type":"Polygon","coordinates":[[[-71.19243,43.58757],[-71.193,43.58874],[-71.19367,43.5886],[-71.19292,43.58969],[-71.19367,43.58987],[-71.19348,43.59188],[-71.19715,43.59555],[-71.19504,43.5969],[-71.19881,43.59764],[-71.19884,43.59482],[-71.20037,43.59336],[-71.19773,43.59331],[-71.19583,43.5922],[-71.19568,43.59153],[-71.19715,43.59044],[-71.19536,43.59044],[-71.19509,43.58856],[-71.19718,43.58754],[-71.19669,43.58863],[-71.19911,43.5883],[-71.19922,43.58957],[-71.20075,43.58911],[-71.19969,43.58734],[-71.20021,43.58582],[-71.19951,43.5857],[-71.19913,43.5865],[-71.19709,43.58614],[-71.19896,43.5835],[-71.19641,43.5819],[-71.19306,43.58185],[-71.19234,43.58277],[-71.19339,43.58557],[-71.18877,43.58706],[-71.19219,43.58686],[-71.19243,43.58757]],[[-71.20072,43.58906],[-71.20069,43.58911],[-71.20059,43.58903],[-71.20072,43.58906]],[[-71.19247,43.58762],[-71.19241,43.58679],[-71.19109,43.58657],[-71.1936,43.58571],[-71.19258,43.58293],[-71.19333,43.58224],[-71.19611,43.58198],[-71.1987,43.58368],[-71.19867,43.58436],[-71.19684,43.58568],[-71.19693,43.58652],[-71.19993,43.58636],[-71.1995,43.58746],[-71.20055,43.58909],[-71.19947,43.58938],[-71.19975,43.58855],[-71.19865,43.58804],[-71.19759,43.58838],[-71.19732,43.58746],[-71.19502,43.58853],[-71.19552,43.59219],[-71.19811,43.59354],[-71.2001,43.59341],[-71.19837,43.59574],[-71.19731,43.59554],[-71.1938,43.59198],[-71.19339,43.5908],[-71.19429,43.58872],[-71.19247,43.58762]]]},"properties":{"a":0,"b":5}},{"type":"Feature","geometry":{"type":"Polygon","coordinates":[[[-71.19247,43.58762],[-71.19429,43.58872],[-71.19339,43.5908],[-71.1938,43.59198],[-71.19731,43.59554],[-71.19837,43.59574],[-71.2001,43.59341],[-71.19811,43.59354],[-71.19552,43.59219],[-71.19502,43.58853],[-71.19732,43.58746],[-71.19759,43.58838],[-71.19865,43.58804],[-71.19975,43.58855],[-71.19947,43.58938],[-71.20055,43.58909],[-71.1995,43.58746],[-71.19993,43.58636],[-71.19693,43.58652],[-71.19684,43.58568],[-71.19867,43.58436],[-71.1987,43.58368],[-71.19611,43.58198],[-71.19333,43.58224],[-71.19258,43.58293],[-71.1936,43.58571],[-71.19109,43.58657],[-71.19241,43.58679],[-71.19247,43.58762]],[[-71.1998,43.5887],[-71.20021,43.58911],[-71.19966,43.58923],[-71.1998,43.5887]],[[-71.19776,43.58805],[-71.19805,43.58818],[-71.19791,43.58819],[-71.19776,43.58805]],[[-71.19837,43.58789],[-71.1984,43.5879],[-71.19837,43.58793],[-71.19837,43.58789]],[[-71.19482,43.58213],[-71.19839,43.5838],[-71.19848,43.58432],[-71.19679,43.58544],[-71.19667,43.58676],[-71.19927,43.58657],[-71.19989,43.58826],[-71.19859,43.58786],[-71.1985,43.5872],[-71.19544,43.58767],[-71.19495,43.58849],[-71.19527,43.59227],[-71.19668,43.59245],[-71.19816,43.59377],[-71.19982,43.59345],[-71.19815,43.59436],[-71.19837,43.59502],[-71.1975,43.59501],[-71.19683,43.59376],[-71.1965,43.59442],[-71.19658,43.59374],[-71.19389,43.59174],[-71.19354,43.59069],[-71.19438,43.58851],[-71.19268,43.58811],[-71.19246,43.58675],[-71.19131,43.5865],[-71.19382,43.58584],[-71.19366,43.5841],[-71.19281,43.58301],[-71.19482,43.58213]],[[-71.1976,43.59528],[-71.19769,43.59537],[-71.19759,43.59541],[-71.1976,43.59528]]]},"properties":{"a":5,"b":10}},{"type":"Feature","geometry":{"type":"Polygon","coordinates":[[[-71.19482,43.58213],[-71.19281,43.58301],[-71.19366,43.5841],[-71.19382,43.58584],[-71.19131,43.5865],[-71.19246,43.58675],[-71.19268,43.58811],[-71.19438,43.58851],[-71.19354,43.59069],[-71.19389,43.59174],[-71.19658,43.59374],[-71.1965,43.59442],[-71.19683,43.59376],[-71.1975,43.59501],[-71.19837,43.59502],[-71.19815,43.59436],[-71.19982,43.59345],[-71.19816,43.59377],[-71.19668,43.59245],[-71.19527,43.59227],[-71.19495,43.58849],[-71.19544,43.58767],[-71.1985,43.5872],[-71.19859,43.58786],[-71.19989,43.58826],[-71.19927,43.58657],[-71.19667,43.58676],[-71.19679,43.58544],[-71.19848,43.58432],[-71.19839,43.5838],[-71.19482,43.58213]],[[-71.19895,43.58743],[-71.19883,43.58736],[-71.19892,43.58737],[-71.19895,43.58743]],[[-71.19416,43.58231],[-71.19725,43.58328],[-71.19601,43.5837],[-71.19657,43.58471],[-71.19801,43.58391],[-71.19489,43.58788],[-71.19482,43.58925],[-71.19405,43.5874],[-71.19369,43.5882],[-71.19283,43.58808],[-71.19276,43.58707],[-71.19172,43.58634],[-71.19405,43.58597],[-71.19394,43.58397],[-71.19305,43.58317],[-71.19416,43.58231]],[[-71.1942,43.59107],[-71.19453,43.59129],[-71.19442,43.5916],[-71.1942,43.59107]]]},"properties":{"a":10,"b":15}},{"type":"Feature","geometry":{"type":"Polygon","coordinates":[[[-71.19416,43.58231],[-71.19305,43.58317],[-71.19394,43.58397],[-71.19405,43.58597],[-71.19172,43.58634],[-71.19276,43.58707],[-71.19283,43.58808],[-71.19369,43.5882],[-71.19405,43.5874],[-71.19482,43.58925],[-71.19489,43.58788],[-71.19801,43.58391],[-71.19657,43.58471],[-71.19601,43.5837],[-71.19725,43.58328],[-71.19416,43.58231]],[[-71.19469,43.58458],[-71.19472,43.58487],[-71.19441,43.58533],[-71.19469,43.58458]],[[-71.19426,43.58321],[-71.19425,43.58387],[-71.19386,43.58365],[-71.19426,43.58321]],[[-71.19494,43.58502],[-71.19513,43.58565],[-71.19485,43.58538],[-71.19494,43.58502]]]},"properties":{"a":15,"b":20}},{"type":"Feature","geometry":{"type":"Polygon","coordinates":[[[-71.19494,43.58502],[-71.19485,43.58538],[-71.19513,43.58565],[-71.19494,43.58502]]]},"properties":{"a":20,"b":24}},{"type":"Feature","geometry":{"type":"Polygon","coordinates":[[[-71.19469,43.58458],[-71.19441,43.58533],[-71.19472,43.58487],[-71.19469,43.58458]]]},"properties":{"a":20,"b":24}},{"type":"Feature","geometry":{"type":"Polygon","coordinates":[[[-71.19426,43.58321],[-71.19386,43.58365],[-71.19425,43.58387],[-71.19426,43.58321]]]},"properties":{"a":20,"b":24}},{"type":"Feature","geometry":{"type":"Polygon","coordinates":[[[-71.17775,43.56986],[-71.17824,43.5688],[-71.17729,43.56603],[-71.17563,43.56542],[-71.17343,43.56339],[-71.1743,43.56353],[-71.17436,43.56266],[-71.17343,43.56178],[-71.17021,43.56179],[-71.16278,43.55832],[-71.16115,43.55655],[-71.15735,43.55884],[-71.16495,43.56529],[-71.1732,43.56899],[-71.17645,43.57004],[-71.17775,43.56986]],[[-71.16988,43.5619],[-71.17267,43.56253],[-71.17315,43.56386],[-71.17668,43.56583],[-71.1776,43.56917],[-71.17625,43.56959],[-71.17375,43.56901],[-71.16475,43.56496],[-71.15963,43.56088],[-71.15803,43.55879],[-71.16102,43.55707],[-71.16361,43.55898],[-71.16988,43.5619]]]},"properties":{"a":0,"b":10}},{"type":"Feature","geometry":{"type":"Polygon","coordinates":[[[-71.16988,43.5619],[-71.16361,43.55898],[-71.16102,43.55707],[-71.15803,43.55879],[-71.15963,43.56088],[-71.16475,43.56496],[-71.17375,43.56901],[-71.17625,43.56959],[-71.1776,43.56917],[-71.17668,43.56583],[-71.17315,43.56386],[-71.17267,43.56253],[-71.16988,43.5619]],[[-71.16108,43.55763],[-71.16754,43.56081],[-71.17305,43.5651],[-71.17618,43.56618],[-71.17719,43.5687],[-71.17536,43.56907],[-71.17335,43.56854],[-71.16515,43.56468],[-71.15857,43.55945],[-71.15901,43.5583],[-71.16108,43.55763]]]},"properties":{"a":10,"b":20}},{"type":"Feature","geometry":{"type":"Polygon","coordinates":[[[-71.16108,43.55763],[-71.15901,43.5583],[-71.15857,43.55945],[-71.16515,43.56468],[-71.17335,43.56854],[-71.17536,43.56907],[-71.17719,43.5687],[-71.17618,43.56618],[-71.17305,43.5651],[-71.16754,43.56081],[-71.16108,43.55763]],[[-71.16574,43.56036],[-71.16833,43.56168],[-71.17245,43.56517],[-71.17576,43.56651],[-71.17624,43.56753],[-71.17419,43.56828],[-71.16872,43.56618],[-71.1643,43.56361],[-71.1587,43.55914],[-71.16083,43.55784],[-71.16574,43.56036]]]},"properties":{"a":20,"b":30}},{"type":"Feature","geometry":{"type":"Polygon","coordinates":[[[-71.16574,43.56036],[-71.16083,43.55784],[-71.1587,43.55914],[-71.1643,43.56361],[-71.16872,43.56618],[-71.17419,43.56828],[-71.17624,43.56753],[-71.17576,43.56651],[-71.17245,43.56517],[-71.16833,43.56168],[-71.16574,43.56036]]]},"properties":{"a":30,"b":39}},{"type":"Feature","geometry":{"type":"Polygon","coordinates":[[[-71.2981,43.46588],[-71.29632,43.46682],[-71.29607,43.46794],[-71.29693,43.46955],[-71.29641,43.47201],[-71.29873,43.47185],[-71.29912,43.47324],[-71.30086,43.47342],[-71.30169,43.47439],[-71.30338,43.47445],[-71.30552,43.47654],[-71.30749,43.47712],[-71.30941,43.47924],[-71.30984,43.4781],[-71.31171,43.47818],[-71.31177,43.47709],[-71.31507,43.47753],[-71.31698,43.47702],[-71.31705,43.47655],[-71.31402,43.47564],[-71.31168,43.47404],[-71.31171,43.47161],[-71.30747,43.4705],[-71.30581,43.46929],[-71.30503,43.46975],[-71.30404,43.46717],[-71.30292,43.46646],[-71.30071,43.46652],[-71.30124,43.46569],[-71.29838,43.46641],[-71.2981,43.46588]],[[-71.31128,43.47172],[-71.31149,43.47419],[-71.3153,43.47688],[-71.30956,43.47723],[-71.30922,43.47849],[-71.30826,43.47721],[-71.30555,43.47607],[-71.30328,43.47411],[-71.30007,43.47298],[-71.29929,43.47188],[-71.29666,43.4716],[-71.29722,43.4695],[-71.29659,43.46795],[-71.29688,43.46677],[-71.29757,43.46625],[-71.29791,43.46669],[-71.29981,43.46642],[-71.30274,43.46764],[-71.30495,43.47033],[-71.30826,43.47171],[-71.31128,43.47172]],[[-71.31048,43.47754],[-71.30987,43.47798],[-71.30956,43.4775],[-71.31048,43.47754]]]},"properties":{"a":0,"b":10}},{"type":"Feature","geometry":{"type":"Polygon","coordinates":[[[-71.31128,43.47172],[-71.30826,43.47171],[-71.30495,43.47033],[-71.30274,43.46764],[-71.29981,43.46642],[-71.29791,43.46669],[-71.29757,43.46625],[-71.29688,43.46677],[-71.29659,43.46795],[-71.29722,43.4695],[-71.29666,43.4716],[-71.29929,43.47188],[-71.30007,43.47298],[-71.30328,43.47411],[-71.30555,43.47607],[-71.30826,43.47721],[-71.30922,43.47849],[-71.30956,43.47723],[-71.3153,43.47688],[-71.31149,43.47419],[-71.31128,43.47172]],[[-71.30615,43.47204],[-71.30576,43.47102],[-71.3065,43.471],[-71.30746,43.47212],[-71.30694,43.4725],[-71.30615,43.47204]],[[-71.30129,43.46814],[-71.30272,43.46908],[-71.30464,43.47289],[-71.3059,43.47377],[-71.30907,43.47221],[-71.31155,43.47185],[-71.31111,43.47346],[-71.31197,43.47598],[-71.31143,43.47703],[-71.30838,43.47623],[-71.30059,43.47185],[-71.29727,43.47115],[-71.29777,43.46789],[-71.30129,43.46814]],[[-71.31094,43.47708],[-71.31048,43.47714],[-71.31035,43.47676],[-71.31094,43.47708]]]},"properties":{"a":10,"b":20}},{"type":"Feature","geometry":{"type":"Polygon","coordinates":[[[-71.31048,43.47754],[-71.30956,43.4775],[-71.30987,43.47798],[-71.31048,43.47754]]]},"properties":{"a":0,"b":0}},{"type":"Feature","geometry":{"type":"Polygon","coordinates":[[[-71.31094,43.47708],[-71.31035,43.47676],[-71.31048,43.47714],[-71.31094,43.47708]],[[-71.31075,43.47695],[-71.31052,43.477],[-71.31046,43.47676],[-71.31075,43.47695]]]},"properties":{"a":0,"b":10}},{"type":"Feature","geometry":{"type":"Polygon","coordinates":[[[-71.30129,43.46814],[-71.29777,43.46789],[-71.29727,43.47115],[-71.30059,43.47185],[-71.30838,43.47623],[-71.31143,43.47703],[-71.31197,43.47598],[-71.31111,43.47346],[-71.31155,43.47185],[-71.30907,43.47221],[-71.3059,43.47377],[-71.30464,43.47289],[-71.30272,43.46908],[-71.30129,43.46814]],[[-71.29907,43.46971],[-71.2997,43.46872],[-71.3008,43.46926],[-71.29995,43.47005],[-71.29907,43.46971]],[[-71.31058,43.47596],[-71.30912,43.47623],[-71.30724,43.47426],[-71.30867,43.47275],[-71.3111,43.47193],[-71.31058,43.47596]]]},"properties":{"a":20,"b":30}},{"type":"Feature","geometry":{"type":"Polygon","coordinates":[[[-71.31075,43.47695],[-71.31046,43.47676],[-71.31052,43.477],[-71.31075,43.47695]]]},"properties":{"a":0,"b":0}},{"type":"Feature","geometry":{"type":"Polygon","coordinates":[[[-71.31058,43.47596],[-71.3111,43.47193],[-71.30867,43.47275],[-71.30724,43.47426],[-71.30912,43.47623],[-71.31058,43.47596]],[[-71.30834,43.4749],[-71.30873,43.47351],[-71.31078,43.47262],[-71.31013,43.47577],[-71.30932,43.47604],[-71.30834,43.4749]]]},"properties":{"a":30,"b":40}},{"type":"Feature","geometry":{"type":"Polygon","coordinates":[[[-71.30834,43.4749],[-71.30932,43.47604],[-71.31013,43.47577],[-71.31078,43.47262],[-71.30873,43.47351],[-71.30834,43.4749]],[[-71.30921,43.47488],[-71.30867,43.47403],[-71.31046,43.47327],[-71.31018,43.47467],[-71.30921,43.47488]]]},"properties":{"a":40,"b":50}},{"type":"Feature","geometry":{"type":"Polygon","coordinates":[[[-71.30921,43.47488],[-71.31018,43.47467],[-71.31046,43.47327],[-71.30867,43.47403],[-71.30921,43.47488]],[[-71.30993,43.47435],[-71.30891,43.47422],[-71.30964,43.47388],[-71.30993,43.47435]]]},"properties":{"a":50,"b":60}},{"type":"Feature","geometry":{"type":"Polygon","coordinates":[[[-71.30993,43.47435],[-71.30964,43.47388],[-71.30891,43.47422],[-71.30993,43.47435]]]},"properties":{"a":60,"b":69}},{"type":"Feature","geometry":{"type":"Polygon","coordinates":[[[-71.30615,43.47204],[-71.30694,43.4725],[-71.30746,43.47212],[-71.3065,43.471],[-71.30576,43.47102],[-71.30615,43.47204]],[[-71.30709,43.47201],[-71.30587,43.4713],[-71.30643,43.47121],[-71.30709,43.47201]]]},"properties":{"a":0,"b":10}},{"type":"Feature","geometry":{"type":"Polygon","coordinates":[[[-71.30709,43.47201],[-71.30643,43.47121],[-71.30587,43.4713],[-71.30709,43.47201]]]},"properties":{"a":0,"b":0}},{"type":"Feature","geometry":{"type":"Polygon","coordinates":[[[-71.29907,43.46971],[-71.29995,43.47005],[-71.3008,43.46926],[-71.2997,43.46872],[-71.29907,43.46971]]]},"properties":{"a":30,"b":39}},{"type":"Feature","geometry":{"type":"Polygon","coordinates":[[[-71.30244,43.48082],[-71.30214,43.48187],[-71.30262,43.48247],[-71.30323,43.48205],[-71.30244,43.48082]]]},"properties":{"a":40,"b":45}},{"type":"Feature","geometry":{"type":"Polygon","coordinates":[[[-71.30259,43.48037],[-71.30183,43.48061],[-71.30152,43.48176],[-71.30242,43.4832],[-71.30358,43.48304],[-71.30348,43.48055],[-71.30259,43.48037]],[[-71.30244,43.48082],[-71.30323,43.48205],[-71.30262,43.48247],[-71.30214,43.48187],[-71.30244,43.48082]]]},"properties":{"a":35,"b":40}},{"type":"Feature","geometry":{"type":"Polygon","coordinates":[[[-71.30398,43.47964],[-71.30159,43.48061],[-71.30119,43.48169],[-71.30174,43.48201],[-71.30181,43.48353],[-71.30389,43.48322],[-71.30386,43.48058],[-71.30456,43.47995],[-71.30398,43.47964]],[[-71.30259,43.48037],[-71.30348,43.48055],[-71.30358,43.48304],[-71.30242,43.4832],[-71.30152,43.48176],[-71.30183,43.48061],[-71.30259,43.48037]]]},"properties":{"a":30,"b":35}},{"type":"Feature","geometry":{"type":"Polygon","coordinates":[[[-71.30453,43.48421],[-71.30451,43.48422],[-71.30454,43.48422],[-71.30453,43.48421]]]},"properties":{"a":15,"b":20}},{"type":"Feature","geometry":{"type":"Polygon","coordinates":[[[-71.30369,43.47939],[-71.30098,43.48127],[-71.30155,43.48362],[-71.30256,43.4843],[-71.30405,43.48355],[-71.30417,43.48058],[-71.30506,43.47989],[-71.30369,43.47939]],[[-71.30398,43.47964],[-71.30456,43.47995],[-71.30386,43.48058],[-71.30389,43.48322],[-71.30181,43.48353],[-71.30174,43.48201],[-71.30119,43.48169],[-71.30159,43.48061],[-71.30398,43.47964]]]},"properties":{"a":25,"b":30}},{"type":"Feature","geometry":{"type":"Polygon","coordinates":[[[-71.30346,43.47925],[-71.30079,43.48127],[-71.30142,43.48365],[-71.30275,43.48489],[-71.30352,43.48361],[-71.3042,43.48389],[-71.30452,43.48055],[-71.30558,43.47996],[-71.30346,43.47925]],[[-71.30369,43.47939],[-71.30506,43.47989],[-71.30417,43.48058],[-71.30405,43.48355],[-71.30256,43.4843],[-71.30155,43.48362],[-71.30098,43.48127],[-71.30369,43.47939]]]},"properties":{"a":20,"b":25}},{"type":"Feature","geometry":{"type":"Polygon","coordinates":[[[-71.30317,43.47904],[-71.30057,43.48127],[-71.30134,43.48368],[-71.30254,43.48498],[-71.30218,43.48536],[-71.30327,43.48629],[-71.30357,43.48382],[-71.3044,43.48418],[-71.30512,43.48226],[-71.30474,43.4803],[-71.30595,43.48005],[-71.30654,43.48055],[-71.3058,43.4795],[-71.30317,43.47904]],[[-71.30346,43.47925],[-71.30558,43.47996],[-71.30452,43.48055],[-71.3042,43.48389],[-71.30352,43.48361],[-71.30275,43.48489],[-71.30142,43.48365],[-71.30079,43.48127],[-71.30346,43.47925]]]},"properties":{"a":15,"b":20}},{"type":"Feature","geometry":{"type":"Polygon","coordinates":[[[-71.30312,43.47886],[-71.30037,43.4812],[-71.30208,43.48543],[-71.30384,43.48687],[-71.3046,43.48572],[-71.30335,43.48552],[-71.30365,43.48399],[-71.30521,43.48454],[-71.30468,43.48408],[-71.30527,43.48226],[-71.30479,43.48036],[-71.3057,43.48017],[-71.30675,43.4812],[-71.30786,43.48035],[-71.30312,43.47886]],[[-71.30317,43.47904],[-71.3058,43.4795],[-71.30654,43.48055],[-71.30595,43.48005],[-71.30474,43.4803],[-71.30512,43.48226],[-71.3044,43.48418],[-71.30357,43.48382],[-71.30327,43.48629],[-71.30218,43.48536],[-71.30254,43.48498],[-71.30134,43.48368],[-71.30057,43.48127],[-71.30317,43.47904]],[[-71.30453,43.48421],[-71.30454,43.48422],[-71.30451,43.48422],[-71.30453,43.48421]]]},"properties":{"a":10,"b":15}},{"type":"Feature","geometry":{"type":"Polygon","coordinates":[[[-71.30484,43.48055],[-71.30556,43.48035],[-71.30637,43.4814],[-71.30809,43.48122],[-71.30827,43.48046],[-71.30322,43.47875],[-71.3002,43.48106],[-71.302,43.48554],[-71.30379,43.48709],[-71.30485,43.48677],[-71.30499,43.48576],[-71.30496,43.48498],[-71.30368,43.48533],[-71.30373,43.48418],[-71.3053,43.48464],[-71.30484,43.48055]],[[-71.30312,43.47886],[-71.30786,43.48035],[-71.30675,43.4812],[-71.3057,43.48017],[-71.30479,43.48036],[-71.30527,43.48226],[-71.30468,43.48408],[-71.30521,43.48454],[-71.30365,43.48399],[-71.30335,43.48552],[-71.3046,43.48572],[-71.30384,43.48687],[-71.30208,43.48543],[-71.30037,43.4812],[-71.30312,43.47886]]]},"properties":{"a":5,"b":10}},{"type":"Feature","geometry":{"type":"Polygon","coordinates":[[[-71.30584,43.48711],[-71.30637,43.48621],[-71.30527,43.48435],[-71.30556,43.48159],[-71.30807,43.48164],[-71.30927,43.4803],[-71.30646,43.47985],[-71.30417,43.47863],[-71.30156,43.47927],[-71.30002,43.48092],[-71.30195,43.48571],[-71.30324,43.48729],[-71.30584,43.48711]],[[-71.30494,43.48076],[-71.3053,43.48468],[-71.30368,43.48432],[-71.30384,43.48548],[-71.30496,43.48499],[-71.3049,43.48666],[-71.3031,43.48694],[-71.30021,43.48104],[-71.30322,43.47875],[-71.30827,43.48046],[-71.3079,43.48128],[-71.30626,43.4814],[-71.30546,43.48031],[-71.30494,43.48076]],[[-71.30445,43.48509],[-71.30399,43.48513],[-71.30382,43.48433],[-71.30445,43.48509]],[[-71.30587,43.48104],[-71.30527,43.48108],[-71.30486,43.48048],[-71.30587,43.48104]]]},"properties":{"a":0,"b":5}},{"type":"Feature","geometry":{"type":"Polygon","coordinates":[[[-71.16096,43.47589],[-71.16152,43.47851],[-71.16395,43.47814],[-71.16211,43.47975],[-71.16254,43.48137],[-71.16201,43.48298],[-71.16489,43.48362],[-71.16595,43.48251],[-71.16438,43.4817],[-71.17028,43.48108],[-71.17009,43.48043],[-71.16539,43.47781],[-71.16271,43.47749],[-71.16261,43.47651],[-71.16096,43.47589]],[[-71.1614,43.47627],[-71.16231,43.47651],[-71.16263,43.47813],[-71.16156,43.47829],[-71.1614,43.47627]],[[-71.16538,43.47798],[-71.16972,43.48075],[-71.16691,43.4814],[-71.16342,43.48116],[-71.16423,43.47895],[-71.16538,43.47798]],[[-71.16313,43.48167],[-71.1656,43.48267],[-71.16378,43.48329],[-71.16313,43.48167]]]},"properties":{"a":100,"b":105}},{"type":"Feature","geometry":{"type":"Polygon","coordinates":[[[-71.16074,43.47566],[-71.1608,43.47764],[-71.16208,43.4812],[-71.16112,43.48317],[-71.16467,43.4841],[-71.16598,43.48219],[-71.16713,43.48159],[-71.17083,43.48124],[-71.17074,43.48059],[-71.16539,43.47771],[-71.16328,43.4774],[-71.16281,43.47651],[-71.16074,43.47566]],[[-71.16096,43.47589],[-71.16261,43.47651],[-71.16271,43.47749],[-71.16539,43.47781],[-71.17009,43.48043],[-71.17028,43.48108],[-71.16438,43.4817],[-71.16595,43.48251],[-71.16489,43.48362],[-71.16201,43.48298],[-71.16254,43.48137],[-71.16211,43.47975],[-71.16395,43.47814],[-71.16152,43.47851],[-71.16096,43.47589]]]},"properties":{"a":95,"b":100}},{"type":"Feature","geometry":{"type":"Polygon","coordinates":[[[-71.16052,43.4755],[-71.16026,43.47665],[-71.16161,43.48136],[-71.16099,43.48298],[-71.16182,43.48424],[-71.16489,43.48439],[-71.16713,43.4818],[-71.17136,43.48141],[-71.17139,43.48076],[-71.16052,43.4755]],[[-71.16074,43.47566],[-71.16281,43.47651],[-71.16328,43.4774],[-71.16539,43.47771],[-71.17074,43.48059],[-71.17083,43.48124],[-71.16713,43.48159],[-71.16598,43.48219],[-71.16467,43.4841],[-71.16112,43.48317],[-71.16208,43.4812],[-71.1608,43.47764],[-71.16074,43.47566]],[[-71.162,43.48404],[-71.16217,43.48412],[-71.16199,43.48412],[-71.162,43.48404]]]},"properties":{"a":90,"b":95}},{"type":"Feature","geometry":{"type":"Polygon","coordinates":[[[-71.16029,43.47534],[-71.15978,43.47585],[-71.1612,43.47909],[-71.1609,43.48298],[-71.16155,43.4843],[-71.16521,43.48485],[-71.16713,43.48206],[-71.17189,43.48157],[-71.17172,43.48076],[-71.16029,43.47534]],[[-71.16052,43.4755],[-71.17139,43.48076],[-71.17136,43.48141],[-71.16713,43.4818],[-71.16489,43.48439],[-71.16182,43.48424],[-71.16099,43.48298],[-71.16161,43.48136],[-71.16026,43.47665],[-71.16052,43.4755]]]},"properties":{"a":85,"b":90}},{"type":"Feature","geometry":{"type":"Polygon","coordinates":[[[-71.15985,43.47536],[-71.15956,43.47585],[-71.16109,43.47926],[-71.16082,43.48298],[-71.16155,43.48443],[-71.16532,43.48542],[-71.1673,43.48232],[-71.17222,43.48188],[-71.17378,43.48044],[-71.17181,43.48063],[-71.16495,43.47715],[-71.15985,43.47536]],[[-71.16029,43.47534],[-71.17172,43.48076],[-71.17189,43.48157],[-71.16713,43.48206],[-71.16521,43.48485],[-71.16155,43.4843],[-71.1609,43.48298],[-71.1612,43.47909],[-71.15978,43.47585],[-71.16029,43.47534]]]},"properties":{"a":80,"b":85}},{"type":"Feature","geometry":{"type":"Polygon","coordinates":[[[-71.15985,43.4752],[-71.1594,43.47575],[-71.16096,43.47926],[-71.16084,43.48346],[-71.16147,43.48449],[-71.16468,43.48508],[-71.16504,43.48591],[-71.16578,43.48592],[-71.16788,43.48243],[-71.17246,43.48207],[-71.17431,43.48045],[-71.17381,43.47993],[-71.17159,43.48034],[-71.15985,43.4752]],[[-71.15985,43.47536],[-71.16495,43.47715],[-71.17181,43.48063],[-71.17378,43.48044],[-71.17222,43.48188],[-71.1673,43.48232],[-71.16532,43.48542],[-71.16155,43.48443],[-71.16082,43.48298],[-71.16109,43.47926],[-71.15956,43.47585],[-71.15985,43.47536]]]},"properties":{"a":75,"b":80}},{"type":"Feature","geometry":{"type":"Polygon","coordinates":[[[-71.16007,43.47503],[-71.15923,43.47553],[-71.16081,43.47925],[-71.16077,43.48346],[-71.16133,43.48461],[-71.16457,43.48526],[-71.16458,43.48644],[-71.16552,43.48689],[-71.16844,43.48252],[-71.17224,43.48237],[-71.17463,43.48045],[-71.17404,43.47969],[-71.17159,43.48017],[-71.16007,43.47503]],[[-71.15985,43.4752],[-71.17159,43.48034],[-71.17381,43.47993],[-71.17431,43.48045],[-71.17246,43.48207],[-71.16788,43.48243],[-71.16578,43.48592],[-71.16504,43.48591],[-71.16468,43.48508],[-71.16147,43.48449],[-71.16084,43.48346],[-71.16096,43.47926],[-71.1594,43.47575],[-71.15985,43.4752]]]},"properties":{"a":70,"b":75}},{"type":"Feature","geometry":{"type":"Polygon","coordinates":[[[-71.17042,43.48737],[-71.17026,43.48739],[-71.17042,43.48741],[-71.17042,43.48737]]]},"properties":{"a":10,"b":15}},{"type":"Feature","geometry":{"type":"Polygon","coordinates":[[[-71.15985,43.4749],[-71.1591,43.47553],[-71.16067,43.47928],[-71.1607,43.48346],[-71.16133,43.48471],[-71.1643,43.48536],[-71.16419,43.48704],[-71.16487,43.48704],[-71.16508,43.48826],[-71.1663,43.48679],[-71.16658,43.48511],[-71.16899,43.48269],[-71.17201,43.48268],[-71.17491,43.48045],[-71.17427,43.47947],[-71.17137,43.47988],[-71.15985,43.4749]],[[-71.16007,43.47503],[-71.17159,43.48017],[-71.17404,43.47969],[-71.17463,43.48045],[-71.17224,43.48237],[-71.16844,43.48252],[-71.16552,43.48689],[-71.16458,43.48644],[-71.16457,43.48526],[-71.16133,43.48461],[-71.16077,43.48346],[-71.16081,43.47925],[-71.15923,43.47553],[-71.16007,43.47503]]]},"properties":{"a":65,"b":70}},{"type":"Feature","geometry":{"type":"Polygon","coordinates":[[[-71.15963,43.47484],[-71.15897,43.47552],[-71.16057,43.47942],[-71.16063,43.48346],[-71.16128,43.4848],[-71.16405,43.48542],[-71.16385,43.48736],[-71.1648,43.48902],[-71.16645,43.48786],[-71.16698,43.48495],[-71.16966,43.48276],[-71.17268,43.48266],[-71.17539,43.48029],[-71.17448,43.47922],[-71.17137,43.4797],[-71.16495,43.47658],[-71.15963,43.47484]],[[-71.15985,43.4749],[-71.17137,43.47988],[-71.17427,43.47947],[-71.17491,43.48045],[-71.17201,43.48268],[-71.16899,43.48269],[-71.16658,43.48511],[-71.1663,43.48679],[-71.16508,43.48826],[-71.16487,43.48704],[-71.16419,43.48704],[-71.1643,43.48536],[-71.16133,43.48471],[-71.1607,43.48346],[-71.16067,43.47928],[-71.1591,43.47553],[-71.15985,43.4749]]]},"properties":{"a":60,"b":65}},{"type":"Feature","geometry":{"type":"Polygon","coordinates":[[[-71.15963,43.47468],[-71.15887,43.47552],[-71.16044,43.47942],[-71.16057,43.48346],[-71.16115,43.48488],[-71.16369,43.48542],[-71.16352,43.48768],[-71.1626,43.48897],[-71.16395,43.48946],[-71.16617,43.48982],[-71.16595,43.48931],[-71.16702,43.48802],[-71.16664,43.48737],[-71.1673,43.48495],[-71.17018,43.48286],[-71.17268,43.48285],[-71.17584,43.48029],[-71.17471,43.47893],[-71.17115,43.47942],[-71.15963,43.47468]],[[-71.15963,43.47484],[-71.16495,43.47658],[-71.17137,43.4797],[-71.17448,43.47922],[-71.17539,43.48029],[-71.17268,43.48266],[-71.16966,43.48276],[-71.16698,43.48495],[-71.16645,43.48786],[-71.1648,43.48902],[-71.16385,43.48736],[-71.16405,43.48542],[-71.16128,43.4848],[-71.16063,43.48346],[-71.16057,43.47942],[-71.15897,43.47552],[-71.15963,43.47484]],[[-71.16396,43.48889],[-71.16405,43.48914],[-71.16396,43.48919],[-71.16396,43.48889]]]},"properties":{"a":55,"b":60}},{"type":"Feature","geometry":{"type":"Polygon","coordinates":[[[-71.15941,43.47465],[-71.15876,43.47567],[-71.16029,43.47941],[-71.1605,43.48346],[-71.1611,43.485],[-71.16344,43.48558],[-71.16323,43.48752],[-71.16202,43.48881],[-71.16395,43.48964],[-71.16672,43.49012],[-71.16767,43.48867],[-71.16682,43.48737],[-71.16773,43.48479],[-71.1704,43.48298],[-71.17283,43.48298],[-71.17637,43.48029],[-71.17493,43.47869],[-71.17115,43.47923],[-71.16495,43.47631],[-71.16406,43.47647],[-71.15941,43.47465]],[[-71.15963,43.47468],[-71.17115,43.47942],[-71.17471,43.47893],[-71.17584,43.48029],[-71.17268,43.48285],[-71.17018,43.48286],[-71.1673,43.48495],[-71.16664,43.48737],[-71.16702,43.48802],[-71.16595,43.48931],[-71.16617,43.48982],[-71.16395,43.48946],[-71.1626,43.48897],[-71.16352,43.48768],[-71.16369,43.48542],[-71.16115,43.48488],[-71.16057,43.48346],[-71.16044,43.47942],[-71.15887,43.47552],[-71.15963,43.47468]]]},"properties":{"a":50,"b":55}},{"type":"Feature","geometry":{"type":"Polygon","coordinates":[[[-71.15941,43.47454],[-71.15861,43.47569],[-71.16016,43.47949],[-71.16044,43.48346],[-71.16108,43.4851],[-71.16314,43.48558],[-71.16296,43.48736],[-71.16153,43.48881],[-71.16392,43.48981],[-71.16639,43.49035],[-71.1684,43.48965],[-71.1671,43.48737],[-71.16802,43.48479],[-71.17045,43.48312],[-71.1729,43.48325],[-71.17536,43.48129],[-71.17627,43.48128],[-71.17692,43.48013],[-71.17493,43.47845],[-71.17093,43.47896],[-71.16495,43.47619],[-71.16406,43.47639],[-71.15941,43.47454]],[[-71.15941,43.47465],[-71.16406,43.47647],[-71.16495,43.47631],[-71.17115,43.47923],[-71.17493,43.47869],[-71.17637,43.48029],[-71.17283,43.48298],[-71.1704,43.48298],[-71.16773,43.48479],[-71.16682,43.48737],[-71.16767,43.48867],[-71.16672,43.49012],[-71.16395,43.48964],[-71.16202,43.48881],[-71.16323,43.48752],[-71.16344,43.48558],[-71.1611,43.485],[-71.1605,43.48346],[-71.16029,43.47941],[-71.15876,43.47567],[-71.15941,43.47465]]]},"properties":{"a":45,"b":50}},{"type":"Feature","geometry":{"type":"Polygon","coordinates":[[[-71.15941,43.47448],[-71.15847,43.47568],[-71.16005,43.47957],[-71.16037,43.48346],[-71.161,43.48516],[-71.16282,43.48561],[-71.16247,43.48768],[-71.1604,43.48922],[-71.16129,43.48891],[-71.16617,43.49052],[-71.1684,43.49002],[-71.16741,43.48737],[-71.16849,43.48463],[-71.17067,43.4832],[-71.17289,43.48345],[-71.17513,43.48179],[-71.17646,43.48175],[-71.178,43.47998],[-71.17494,43.47823],[-71.17093,43.47878],[-71.15941,43.47448]],[[-71.15941,43.47454],[-71.16406,43.47639],[-71.16495,43.47619],[-71.17093,43.47896],[-71.17493,43.47845],[-71.17692,43.48013],[-71.17627,43.48128],[-71.17536,43.48129],[-71.1729,43.48325],[-71.17045,43.48312],[-71.16802,43.48479],[-71.1671,43.48737],[-71.1684,43.48965],[-71.16639,43.49035],[-71.16392,43.48981],[-71.16153,43.48881],[-71.16296,43.48736],[-71.16314,43.48558],[-71.16108,43.4851],[-71.16044,43.48346],[-71.16016,43.47949],[-71.15861,43.47569],[-71.15941,43.47454]]]},"properties":{"a":40,"b":45}},{"type":"Feature","geometry":{"type":"Polygon","coordinates":[[[-71.15964,43.47438],[-71.15836,43.47568],[-71.15991,43.47957],[-71.16086,43.48525],[-71.16253,43.48574],[-71.16172,43.48814],[-71.15996,43.48909],[-71.15396,43.48835],[-71.15109,43.48908],[-71.14727,43.49132],[-71.14215,43.4921],[-71.13261,43.49075],[-71.13171,43.49207],[-71.13244,43.49282],[-71.13224,43.49458],[-71.13337,43.49553],[-71.13321,43.49732],[-71.13424,43.49726],[-71.13612,43.49565],[-71.13671,43.49396],[-71.13969,43.49345],[-71.14147,43.49379],[-71.1447,43.49575],[-71.15388,43.49777],[-71.15625,43.49655],[-71.15424,43.49233],[-71.15471,43.49193],[-71.16042,43.49419],[-71.16012,43.48941],[-71.16129,43.48912],[-71.16595,43.49065],[-71.16857,43.49013],[-71.16771,43.48738],[-71.16876,43.48463],[-71.17067,43.48334],[-71.17245,43.48373],[-71.17513,43.48218],[-71.17668,43.4822],[-71.17867,43.47982],[-71.17494,43.47802],[-71.17071,43.4785],[-71.15964,43.47438]],[[-71.15941,43.47448],[-71.17093,43.47878],[-71.17494,43.47823],[-71.178,43.47998],[-71.17646,43.48175],[-71.17513,43.48179],[-71.17289,43.48345],[-71.17067,43.4832],[-71.16849,43.48463],[-71.16741,43.48737],[-71.1684,43.49002],[-71.16617,43.49052],[-71.16129,43.48891],[-71.1604,43.48922],[-71.16247,43.48768],[-71.16282,43.48561],[-71.161,43.48516],[-71.16037,43.48346],[-71.16005,43.47957],[-71.15847,43.47568],[-71.15941,43.47448]],[[-71.15396,43.48845],[-71.1599,43.48928],[-71.16046,43.49398],[-71.15467,43.49185],[-71.15412,43.49233],[-71.15608,43.49655],[-71.15388,43.49765],[-71.14479,43.49564],[-71.13947,43.49326],[-71.13658,43.49336],[-71.13595,43.495],[-71.1341,43.49661],[-71.13242,43.49418],[-71.13284,43.49238],[-71.13206,43.49175],[-71.1326,43.49091],[-71.14193,43.49232],[-71.14737,43.49141],[-71.15129,43.4891],[-71.15396,43.48845]],[[-71.13344,43.49725],[-71.13344,43.49725],[-71.13344,43.49726],[-71.13344,43.49725]]]},"properties":{"a":35,"b":40}},{"type":"Feature","geometry":{"type":"Polygon","coordinates":[[[-71.15941,43.47435],[-71.15825,43.47571],[-71.15976,43.47957],[-71.16081,43.48529],[-71.16223,43.48573],[-71.16155,43.48802],[-71.16018,43.48889],[-71.15396,43.48826],[-71.151,43.48903],[-71.14727,43.4912],[-71.14215,43.4919],[-71.13261,43.49059],[-71.13143,43.49227],[-71.13207,43.49309],[-71.13206,43.49498],[-71.13314,43.49563],[-71.1332,43.49759],[-71.13649,43.49646],[-71.1368,43.49433],[-71.13991,43.49364],[-71.1415,43.49387],[-71.14456,43.49586],[-71.15366,43.49803],[-71.15642,43.49655],[-71.15437,43.49233],[-71.15477,43.49198],[-71.16058,43.49433],[-71.16034,43.48957],[-71.16129,43.48932],[-71.16589,43.49081],[-71.16862,43.49025],[-71.16892,43.48949],[-71.16799,43.48739],[-71.16907,43.48463],[-71.17083,43.48346],[-71.17311,43.48386],[-71.1749,43.48263],[-71.17698,43.48262],[-71.17924,43.47982],[-71.17472,43.47777],[-71.17071,43.47832],[-71.15941,43.47435]],[[-71.15964,43.47438],[-71.17071,43.4785],[-71.17494,43.47802],[-71.17867,43.47982],[-71.17668,43.4822],[-71.17513,43.48218],[-71.17245,43.48373],[-71.17067,43.48334],[-71.16876,43.48463],[-71.16771,43.48738],[-71.16857,43.49013],[-71.16595,43.49065],[-71.16129,43.48912],[-71.16012,43.48941],[-71.16042,43.49419],[-71.15471,43.49193],[-71.15424,43.49233],[-71.15625,43.49655],[-71.15388,43.49777],[-71.1447,43.49575],[-71.14147,43.49379],[-71.13969,43.49345],[-71.13671,43.49396],[-71.13612,43.49565],[-71.13424,43.49726],[-71.13321,43.49732],[-71.13337,43.49553],[-71.13224,43.49458],[-71.13244,43.49282],[-71.13171,43.49207],[-71.13261,43.49075],[-71.14215,43.4921],[-71.14727,43.49132],[-71.15109,43.48908],[-71.15396,43.48835],[-71.15996,43.48909],[-71.16172,43.48814],[-71.16253,43.48574],[-71.16086,43.48525],[-71.15991,43.47957],[-71.15836,43.47568],[-71.15964,43.47438]]]},"properties":{"a":30,"b":35}},{"type":"Feature","geometry":{"type":"Polygon","coordinates":[[[-71.15919,43.47432],[-71.15813,43.47584],[-71.15948,43.47909],[-71.16075,43.48534],[-71.16192,43.48573],[-71.16138,43.48789],[-71.1604,43.48864],[-71.15396,43.48817],[-71.15091,43.48897],[-71.14718,43.4911],[-71.14215,43.49167],[-71.13261,43.49044],[-71.1311,43.49255],[-71.13183,43.49535],[-71.13286,43.49563],[-71.13315,43.49774],[-71.13677,43.49685],[-71.13687,43.49473],[-71.14014,43.49383],[-71.14147,43.494],[-71.14455,43.49602],[-71.15366,43.49816],[-71.15659,43.49655],[-71.15461,43.49266],[-71.15482,43.49204],[-71.16058,43.49444],[-71.1604,43.48977],[-71.16835,43.4911],[-71.16908,43.48949],[-71.16821,43.48755],[-71.16952,43.48447],[-71.17089,43.48359],[-71.17356,43.48402],[-71.1749,43.48307],[-71.17717,43.48309],[-71.17942,43.47986],[-71.17893,43.4789],[-71.17539,43.47771],[-71.17049,43.47803],[-71.15919,43.47432]],[[-71.15941,43.47435],[-71.17071,43.47832],[-71.17472,43.47777],[-71.17924,43.47982],[-71.17698,43.48262],[-71.1749,43.48263],[-71.17311,43.48386],[-71.17083,43.48346],[-71.16907,43.48463],[-71.16799,43.48739],[-71.16892,43.48949],[-71.16862,43.49025],[-71.16589,43.49081],[-71.16129,43.48932],[-71.16034,43.48957],[-71.16058,43.49433],[-71.15477,43.49198],[-71.15437,43.49233],[-71.15642,43.49655],[-71.15366,43.49803],[-71.14456,43.49586],[-71.1415,43.49387],[-71.13991,43.49364],[-71.1368,43.49433],[-71.13649,43.49646],[-71.1332,43.49759],[-71.13314,43.49563],[-71.13206,43.49498],[-71.13207,43.49309],[-71.13143,43.49227],[-71.13261,43.49059],[-71.14215,43.4919],[-71.14727,43.4912],[-71.151,43.48903],[-71.15396,43.48826],[-71.16018,43.48889],[-71.16155,43.48802],[-71.16223,43.48573],[-71.16081,43.48529],[-71.15976,43.47957],[-71.15825,43.47571],[-71.15941,43.47435]]]},"properties":{"a":25,"b":30}},{"type":"Feature","geometry":{"type":"Polygon","coordinates":[[[-71.15942,43.47421],[-71.15799,43.4752],[-71.15799,43.47584],[-71.15934,43.47909],[-71.16069,43.48554],[-71.16161,43.48585],[-71.16113,43.48783],[-71.16039,43.48847],[-71.15396,43.48808],[-71.15082,43.4889],[-71.14707,43.49102],[-71.14527,43.49121],[-71.14127,43.49139],[-71.13261,43.49029],[-71.13099,43.49109],[-71.1308,43.49271],[-71.13123,43.49563],[-71.13258,43.49578],[-71.13304,43.49786],[-71.13677,43.49714],[-71.13746,43.49455],[-71.14052,43.49401],[-71.14442,43.49611],[-71.15343,43.49842],[-71.15675,43.49655],[-71.15482,43.49216],[-71.16058,43.49452],[-71.16062,43.48991],[-71.16568,43.49112],[-71.16706,43.49068],[-71.16883,43.49147],[-71.16925,43.48935],[-71.16843,43.48771],[-71.16979,43.48447],[-71.17111,43.48369],[-71.17355,43.48424],[-71.17467,43.48351],[-71.17753,43.48351],[-71.17945,43.48102],[-71.17953,43.47938],[-71.17849,43.47833],[-71.17782,43.47862],[-71.17361,43.47724],[-71.1705,43.47785],[-71.15942,43.47421]],[[-71.15919,43.47432],[-71.17049,43.47803],[-71.17539,43.47771],[-71.17893,43.4789],[-71.17942,43.47986],[-71.17717,43.48309],[-71.1749,43.48307],[-71.17356,43.48402],[-71.17089,43.48359],[-71.16952,43.48447],[-71.16821,43.48755],[-71.16908,43.48949],[-71.16835,43.4911],[-71.1604,43.48977],[-71.16058,43.49444],[-71.15482,43.49204],[-71.15461,43.49266],[-71.15659,43.49655],[-71.15366,43.49816],[-71.14455,43.49602],[-71.14147,43.494],[-71.14014,43.49383],[-71.13687,43.49473],[-71.13677,43.49685],[-71.13315,43.49774],[-71.13286,43.49563],[-71.13183,43.49535],[-71.1311,43.49255],[-71.13261,43.49044],[-71.14215,43.49167],[-71.14718,43.4911],[-71.15091,43.48897],[-71.15396,43.48817],[-71.1604,43.48864],[-71.16138,43.48789],[-71.16192,43.48573],[-71.16075,43.48534],[-71.15948,43.47909],[-71.15813,43.47584],[-71.15919,43.47432]]]},"properties":{"a":20,"b":25}},{"type":"Feature","geometry":{"type":"Polygon","coordinates":[[[-71.16491,43.47584],[-71.16229,43.47548],[-71.15875,43.47386],[-71.15785,43.4752],[-71.16061,43.4856],[-71.16132,43.48589],[-71.16123,43.48735],[-71.16041,43.48822],[-71.15397,43.48798],[-71.15202,43.48892],[-71.15075,43.48885],[-71.14705,43.4909],[-71.14527,43.4911],[-71.13261,43.49014],[-71.13006,43.49093],[-71.12981,43.49157],[-71.13076,43.49692],[-71.13299,43.49807],[-71.13498,43.49821],[-71.13755,43.49695],[-71.13784,43.49469],[-71.1408,43.49427],[-71.14434,43.49625],[-71.14634,43.49635],[-71.15321,43.49864],[-71.15692,43.49655],[-71.15493,43.49217],[-71.16076,43.4946],[-71.16081,43.49008],[-71.16548,43.49126],[-71.16706,43.49073],[-71.16883,43.49168],[-71.16943,43.48933],[-71.16865,43.48787],[-71.16976,43.48641],[-71.17012,43.48447],[-71.17111,43.48383],[-71.17377,43.48451],[-71.17445,43.48397],[-71.17778,43.48397],[-71.17984,43.48128],[-71.17972,43.47934],[-71.17872,43.47796],[-71.17782,43.47829],[-71.17333,43.477],[-71.1705,43.47761],[-71.16491,43.47584]],[[-71.15942,43.47421],[-71.1705,43.47785],[-71.17361,43.47724],[-71.17782,43.47862],[-71.17849,43.47833],[-71.17953,43.47938],[-71.17945,43.48102],[-71.17753,43.48351],[-71.17467,43.48351],[-71.17355,43.48424],[-71.17111,43.48369],[-71.16979,43.48447],[-71.16843,43.48771],[-71.16925,43.48935],[-71.16883,43.49147],[-71.16706,43.49068],[-71.16568,43.49112],[-71.16062,43.48991],[-71.16058,43.49452],[-71.15482,43.49216],[-71.15675,43.49655],[-71.15343,43.49842],[-71.14442,43.49611],[-71.14052,43.49401],[-71.13746,43.49455],[-71.13677,43.49714],[-71.13304,43.49786],[-71.13258,43.49578],[-71.13123,43.49563],[-71.1308,43.49271],[-71.13099,43.49109],[-71.13261,43.49029],[-71.14127,43.49139],[-71.14527,43.49121],[-71.14707,43.49102],[-71.15082,43.4889],[-71.15396,43.48808],[-71.16039,43.48847],[-71.16113,43.48783],[-71.16161,43.48585],[-71.16069,43.48554],[-71.15934,43.47909],[-71.15799,43.47584],[-71.15799,43.4752],[-71.15942,43.47421]]]},"properties":{"a":15,"b":20}},{"type":"Feature","geometry":{"type":"Polygon","coordinates":[[[-71.1508,43.48876],[-71.14705,43.49077],[-71.14527,43.49098],[-71.13261,43.48999],[-71.12905,43.49076],[-71.12933,43.49691],[-71.13298,43.49827],[-71.13587,43.49858],[-71.13833,43.49744],[-71.13875,43.49515],[-71.14102,43.49462],[-71.14428,43.49637],[-71.14634,43.49645],[-71.15299,43.4988],[-71.15551,43.49822],[-71.15707,43.49655],[-71.15602,43.49525],[-71.15504,43.49219],[-71.1608,43.49474],[-71.16095,43.49026],[-71.16529,43.4914],[-71.16701,43.49078],[-71.16882,43.49192],[-71.16959,43.48933],[-71.16886,43.48803],[-71.16988,43.48739],[-71.17055,43.48431],[-71.178,43.48444],[-71.18027,43.48146],[-71.17988,43.47918],[-71.17872,43.47762],[-71.17783,43.47797],[-71.17301,43.47676],[-71.17028,43.47738],[-71.16229,43.47542],[-71.15795,43.47358],[-71.1576,43.47536],[-71.16102,43.48589],[-71.16096,43.48735],[-71.15979,43.48818],[-71.15486,43.48777],[-71.1508,43.48876]],[[-71.15537,43.49218],[-71.15484,43.49264],[-71.15692,43.49655],[-71.15321,43.49864],[-71.14634,43.49635],[-71.14434,43.49625],[-71.1408,43.49427],[-71.13784,43.49469],[-71.13768,43.49679],[-71.13666,43.49752],[-71.13498,43.49821],[-71.13299,43.49807],[-71.13076,43.49692],[-71.12979,43.49174],[-71.13006,43.49093],[-71.13261,43.49014],[-71.14527,43.4911],[-71.14705,43.4909],[-71.15075,43.48885],[-71.15202,43.48892],[-71.15397,43.48798],[-71.16041,43.48822],[-71.16123,43.48735],[-71.16132,43.48589],[-71.16061,43.4856],[-71.15938,43.47973],[-71.15785,43.47584],[-71.15869,43.47386],[-71.16229,43.47548],[-71.17028,43.47757],[-71.17339,43.47701],[-71.17782,43.47829],[-71.17872,43.47796],[-71.17969,43.47926],[-71.17984,43.48128],[-71.17778,43.48397],[-71.17445,43.48397],[-71.17377,43.48451],[-71.17111,43.48383],[-71.17012,43.48447],[-71.16976,43.48641],[-71.16865,43.48787],[-71.16943,43.48933],[-71.16883,43.49168],[-71.16706,43.49073],[-71.16548,43.49126],[-71.16081,43.49008],[-71.16076,43.4946],[-71.15537,43.49218]]]},"properties":{"a":10,"b":15}},{"type":"Feature","geometry":{"type":"Polygon","coordinates":[[[-71.13461,43.49024],[-71.13261,43.48984],[-71.12852,43.4907],[-71.128,43.49577],[-71.12844,43.49658],[-71.13564,43.49936],[-71.1384,43.49765],[-71.13935,43.49575],[-71.14146,43.49497],[-71.14411,43.49647],[-71.14628,43.49652],[-71.15298,43.49905],[-71.15671,43.4991],[-71.15745,43.49833],[-71.15722,43.49655],[-71.15606,43.4952],[-71.15513,43.49223],[-71.1608,43.49486],[-71.16109,43.49044],[-71.16527,43.49157],[-71.16705,43.49084],[-71.16883,43.49224],[-71.16976,43.48931],[-71.16908,43.48819],[-71.17208,43.4874],[-71.17075,43.48642],[-71.17084,43.48432],[-71.17376,43.48498],[-71.17822,43.4849],[-71.18065,43.48161],[-71.18007,43.47904],[-71.17882,43.47748],[-71.17291,43.47653],[-71.16873,43.47695],[-71.16248,43.47543],[-71.15856,43.47324],[-71.15764,43.47334],[-71.15742,43.47536],[-71.16043,43.48443],[-71.16041,43.48767],[-71.15374,43.48784],[-71.15177,43.48879],[-71.15053,43.48871],[-71.14683,43.49073],[-71.13461,43.49024]],[[-71.15592,43.49475],[-71.15707,43.49655],[-71.15566,43.49817],[-71.15321,43.49882],[-71.14634,43.49645],[-71.14428,43.49637],[-71.14102,43.49462],[-71.13871,43.49518],[-71.13833,43.49745],[-71.13476,43.49872],[-71.12937,43.49696],[-71.12897,43.49092],[-71.13261,43.48999],[-71.14527,43.49098],[-71.14699,43.4908],[-71.15065,43.48878],[-71.15196,43.48883],[-71.15371,43.48794],[-71.16041,43.48795],[-71.16102,43.48589],[-71.1576,43.47536],[-71.15795,43.47358],[-71.16229,43.47542],[-71.17028,43.47738],[-71.17301,43.47676],[-71.17783,43.47797],[-71.17888,43.47772],[-71.17987,43.47914],[-71.18027,43.48146],[-71.178,43.48444],[-71.17055,43.48431],[-71.16988,43.48739],[-71.16886,43.48803],[-71.16959,43.48933],[-71.16883,43.49191],[-71.16701,43.49078],[-71.16529,43.4914],[-71.16095,43.49026],[-71.1608,43.49474],[-71.15507,43.49217],[-71.15592,43.49475]],[[-71.17042,43.48737],[-71.17042,43.48741],[-71.17026,43.48739],[-71.17042,43.48737]]]},"properties":{"a":5,"b":10}},{"type":"Feature","geometry":{"type":"Polygon","coordinates":[[[-71.13764,43.50006],[-71.138,43.4983],[-71.13999,43.49627],[-71.14113,43.49704],[-71.14089,43.49797],[-71.14157,43.49772],[-71.14206,43.49649],[-71.14169,43.4953],[-71.1441,43.49663],[-71.1462,43.4966],[-71.15125,43.49829],[-71.15569,43.50071],[-71.1566,43.49994],[-71.15773,43.50036],[-71.15825,43.49983],[-71.1582,43.49807],[-71.15614,43.49515],[-71.15512,43.49234],[-71.1613,43.49507],[-71.16077,43.49241],[-71.16136,43.49058],[-71.16618,43.49187],[-71.16719,43.49092],[-71.16831,43.49211],[-71.16655,43.49225],[-71.16702,43.49308],[-71.168,43.49308],[-71.16948,43.49215],[-71.16969,43.49019],[-71.17064,43.49004],[-71.16924,43.48838],[-71.17397,43.48823],[-71.17119,43.48424],[-71.17597,43.48632],[-71.1781,43.48597],[-71.17865,43.48528],[-71.18093,43.48563],[-71.18186,43.48486],[-71.18221,43.48393],[-71.18018,43.4796],[-71.18042,43.47805],[-71.17465,43.47645],[-71.17168,43.47632],[-71.17003,43.47692],[-71.16718,43.47655],[-71.16205,43.47521],[-71.15866,43.47293],[-71.15662,43.47335],[-71.16031,43.48441],[-71.16039,43.48741],[-71.15918,43.48796],[-71.15466,43.48751],[-71.15169,43.48872],[-71.14833,43.48857],[-71.14682,43.49062],[-71.13059,43.48954],[-71.12816,43.49044],[-71.12656,43.49607],[-71.13324,43.49876],[-71.13527,43.50022],[-71.13698,43.5007],[-71.13764,43.50006]],[[-71.14211,43.49535],[-71.14117,43.49498],[-71.13945,43.49569],[-71.13738,43.49853],[-71.13564,43.49936],[-71.13453,43.49918],[-71.12913,43.49713],[-71.12806,43.4961],[-71.12847,43.49076],[-71.13261,43.48984],[-71.14683,43.49073],[-71.15053,43.48871],[-71.15177,43.48879],[-71.15374,43.48784],[-71.16041,43.48767],[-71.16043,43.48443],[-71.15742,43.47536],[-71.15764,43.47334],[-71.15856,43.47324],[-71.16248,43.47543],[-71.16873,43.47695],[-71.17291,43.47653],[-71.17872,43.47745],[-71.18007,43.47904],[-71.18064,43.48173],[-71.17835,43.48483],[-71.17376,43.48498],[-71.17084,43.48432],[-71.17075,43.48642],[-71.17208,43.4874],[-71.16908,43.48819],[-71.16976,43.48931],[-71.16883,43.49224],[-71.16705,43.49084],[-71.16527,43.49157],[-71.16109,43.49044],[-71.1608,43.49486],[-71.15652,43.49254],[-71.155,43.49234],[-71.15606,43.4952],[-71.15718,43.49642],[-71.15745,43.49833],[-71.15676,43.49909],[-71.15298,43.49905],[-71.14628,43.49652],[-71.14411,43.49647],[-71.14211,43.49535]]]},"properties":{"a":0,"b":5}},{"type":"Feature","geometry":{"type":"Polygon","coordinates":[[[-71.15676,43.58338],[-71.15551,43.58472],[-71.15624,43.58516],[-71.15426,43.58643],[-71.14841,43.58666],[-71.15038,43.58743],[-71.15431,43.58733],[-71.15733,43.58807],[-71.16217,43.58741],[-71.1631,43.58849],[-71.16275,43.59024],[-71.16433,43.59157],[-71.16408,43.59245],[-71.16473,43.59319],[-71.16605,43.59374],[-71.16792,43.59206],[-71.16999,43.59182],[-71.17088,43.59346],[-71.17386,43.59469],[-71.17401,43.59535],[-71.1722,43.59622],[-71.17268,43.5971],[-71.17211,43.59797],[-71.17326,43.59898],[-71.17571,43.59524],[-71.176,43.59601],[-71.17915,43.5944],[-71.18058,43.59535],[-71.18053,43.59676],[-71.18184,43.59655],[-71.17905,43.59349],[-71.17606,43.59491],[-71.1776,43.5936],[-71.17665,43.59338],[-71.17849,43.59207],[-71.17855,43.58785],[-71.17245,43.58673],[-71.16974,43.58546],[-71.16219,43.58481],[-71.15676,43.58338]],[[-71.15706,43.58358],[-71.16189,43.58497],[-71.16974,43.58565],[-71.17154,43.58676],[-71.17758,43.58811],[-71.17732,43.59035],[-71.17397,43.59408],[-71.17117,43.59315],[-71.17041,43.5913],[-71.16848,43.59129],[-71.16666,43.59248],[-71.16533,43.59254],[-71.16444,43.59025],[-71.16359,43.59047],[-71.16304,43.58916],[-71.16346,43.58842],[-71.16251,43.58736],[-71.15691,43.58758],[-71.16009,43.5856],[-71.15826,43.58517],[-71.15789,43.58578],[-71.15603,43.58582],[-71.15706,43.58358]],[[-71.15281,43.58666],[-71.15338,43.58669],[-71.1528,43.5872],[-71.15281,43.58666]],[[-71.15825,43.58565],[-71.15889,43.58627],[-71.15764,43.58682],[-71.15588,43.58626],[-71.15825,43.58565]],[[-71.15492,43.58643],[-71.15507,43.58647],[-71.15487,43.58651],[-71.15492,43.58643]],[[-71.15643,43.58714],[-71.15643,43.58714],[-71.15642,43.58714],[-71.15643,43.58714]],[[-71.15189,43.58711],[-71.15247,43.58712],[-71.15178,43.58712],[-71.15189,43.58711]],[[-71.17601,43.59498],[-71.17613,43.59505],[-71.17591,43.59521],[-71.17601,43.59498]],[[-71.17358,43.59641],[-71.17421,43.59666],[-71.17296,43.59845],[-71.17257,43.59754],[-71.17358,43.59641]]]},"properties":{"a":25,"b":30}},{"type":"Feature","geometry":{"type":"Polygon","coordinates":[[[-71.15616,43.5834],[-71.15473,43.58493],[-71.15493,43.58559],[-71.15391,43.58617],[-71.14978,43.58654],[-71.14858,43.58597],[-71.14685,43.58716],[-71.14418,43.58708],[-71.14352,43.58818],[-71.14371,43.58992],[-71.14221,43.58878],[-71.14038,43.59037],[-71.14009,43.58954],[-71.13802,43.58837],[-71.13799,43.5876],[-71.13225,43.58733],[-71.13225,43.58814],[-71.1301,43.5868],[-71.13068,43.58619],[-71.12988,43.58661],[-71.12803,43.58592],[-71.12674,43.58718],[-71.12321,43.58701],[-71.12116,43.59027],[-71.12276,43.59252],[-71.13063,43.59471],[-71.13457,43.59832],[-71.13526,43.59737],[-71.13463,43.59693],[-71.13461,43.59561],[-71.13835,43.59563],[-71.13708,43.59672],[-71.14255,43.59894],[-71.14198,43.60144],[-71.14386,43.60224],[-71.14188,43.60267],[-71.14284,43.60356],[-71.14327,43.60624],[-71.14954,43.60578],[-71.14774,43.60556],[-71.15629,43.60362],[-71.1586,43.60494],[-71.15825,43.60802],[-71.15747,43.60845],[-71.15927,43.60892],[-71.16395,43.60782],[-71.1629,43.6065],[-71.16375,43.60629],[-71.16655,43.60617],[-71.17319,43.60754],[-71.17442,43.60632],[-71.1722,43.6025],[-71.17474,43.60251],[-71.17685,43.60173],[-71.17992,43.59787],[-71.18196,43.59846],[-71.18107,43.60002],[-71.1857,43.59983],[-71.1887,43.5987],[-71.1868,43.59852],[-71.18627,43.59783],[-71.18442,43.59849],[-71.18485,43.59737],[-71.1834,43.59681],[-71.1804,43.59351],[-71.17891,43.59273],[-71.17943,43.59207],[-71.1793,43.58922],[-71.1786,43.58768],[-71.17185,43.58628],[-71.16992,43.58531],[-71.16098,43.58447],[-71.15616,43.5834]],[[-71.15676,43.58338],[-71.16219,43.58481],[-71.16974,43.58546],[-71.17245,43.58673],[-71.17855,43.58785],[-71.17849,43.59207],[-71.17665,43.59338],[-71.1776,43.5936],[-71.17606,43.59491],[-71.17905,43.59349],[-71.18184,43.59655],[-71.18053,43.59676],[-71.18058,43.59535],[-71.17915,43.5944],[-71.176,43.59601],[-71.17571,43.59524],[-71.17326,43.59898],[-71.17211,43.59797],[-71.17268,43.5971],[-71.1722,43.59622],[-71.17401,43.59535],[-71.17386,43.59469],[-71.17088,43.59346],[-71.16999,43.59182],[-71.16792,43.59206],[-71.16605,43.59374],[-71.16473,43.59319],[-71.16408,43.59245],[-71.16433,43.59157],[-71.16275,43.59024],[-71.1631,43.58849],[-71.16217,43.58741],[-71.15733,43.58807],[-71.15431,43.58733],[-71.15038,43.58743],[-71.14841,43.58666],[-71.15426,43.58643],[-71.15624,43.58516],[-71.15551,43.58472],[-71.15676,43.58338]],[[-71.17782,43.59532],[-71.1798,43.59569],[-71.1794,43.59719],[-71.17828,43.59813],[-71.17425,43.59908],[-71.17386,43.59864],[-71.17516,43.59694],[-71.17782,43.59532]],[[-71.17658,43.59907],[-71.17674,43.59909],[-71.17639,43.59909],[-71.17658,43.59907]],[[-71.17567,43.59926],[-71.17642,43.59921],[-71.17159,43.60158],[-71.17325,43.59934],[-71.17386,43.59977],[-71.17567,43.59926]],[[-71.14736,43.58709],[-71.15461,43.58763],[-71.15762,43.58866],[-71.16204,43.5877],[-71.16282,43.58849],[-71.16193,43.59024],[-71.16342,43.59134],[-71.16328,43.59244],[-71.16452,43.59334],[-71.16642,43.59427],[-71.16848,43.59213],[-71.17332,43.5949],[-71.172,43.59622],[-71.17249,43.59719],[-71.17165,43.59753],[-71.17249,43.59885],[-71.17022,43.60121],[-71.16931,43.60129],[-71.16653,43.59993],[-71.16604,43.59814],[-71.15937,43.59688],[-71.15832,43.59725],[-71.1607,43.59936],[-71.16307,43.59991],[-71.16219,43.60057],[-71.1621,43.60232],[-71.16076,43.60172],[-71.15479,43.60182],[-71.151,43.60118],[-71.14987,43.59919],[-71.15127,43.59788],[-71.15458,43.59724],[-71.14516,43.59478],[-71.14895,43.59348],[-71.14881,43.59261],[-71.14614,43.59212],[-71.1465,43.59111],[-71.14586,43.58995],[-71.14674,43.58944],[-71.14854,43.5909],[-71.15044,43.58997],[-71.15014,43.58947],[-71.14788,43.58978],[-71.1471,43.58885],[-71.14692,43.58722],[-71.14736,43.58709]],[[-71.16569,43.60052],[-71.16702,43.60134],[-71.16447,43.60168],[-71.16569,43.60052]],[[-71.16719,43.60145],[-71.16723,43.60147],[-71.16711,43.60147],[-71.16719,43.60145]],[[-71.1657,43.59859],[-71.16569,43.59963],[-71.16377,43.59882],[-71.1657,43.59859]],[[-71.15937,43.59725],[-71.16088,43.59717],[-71.16268,43.59815],[-71.16147,43.59837],[-71.15937,43.59725]],[[-71.12863,43.58634],[-71.13284,43.58851],[-71.13285,43.58788],[-71.13732,43.58819],[-71.14038,43.59066],[-71.14183,43.59032],[-71.14221,43.58903],[-71.14307,43.58993],[-71.14268,43.59067],[-71.1435,43.59044],[-71.1443,43.58994],[-71.1443,43.58774],[-71.14646,43.58731],[-71.14644,43.58901],[-71.1454,43.58995],[-71.14461,43.59235],[-71.14808,43.59291],[-71.14823,43.59347],[-71.14369,43.59477],[-71.15016,43.59678],[-71.14999,43.59788],[-71.14878,43.59788],[-71.14786,43.59874],[-71.14984,43.59963],[-71.15038,43.60139],[-71.16053,43.60227],[-71.16083,43.60284],[-71.16227,43.60276],[-71.16143,43.60345],[-71.16506,43.60382],[-71.16476,43.60282],[-71.16748,43.60284],[-71.16744,43.60347],[-71.1699,43.60243],[-71.1691,43.60609],[-71.1596,43.60587],[-71.15954,43.60473],[-71.15661,43.60317],[-71.15111,43.60489],[-71.14357,43.60577],[-71.14328,43.6029],[-71.14468,43.60247],[-71.14407,43.6007],[-71.1431,43.60114],[-71.14296,43.59977],[-71.14424,43.59961],[-71.1425,43.59823],[-71.13832,43.59672],[-71.13948,43.59541],[-71.13421,43.59539],[-71.13337,43.59689],[-71.13115,43.59427],[-71.12222,43.59181],[-71.12157,43.59027],[-71.12254,43.58916],[-71.12261,43.58789],[-71.12379,43.58709],[-71.12748,43.5875],[-71.12762,43.58679],[-71.12863,43.58634]],[[-71.1506,43.597],[-71.1506,43.597],[-71.1506,43.597],[-71.1506,43.597]],[[-71.16446,43.60277],[-71.16447,43.60277],[-71.16451,43.60281],[-71.16446,43.60277]],[[-71.143,43.60244],[-71.14362,43.60247],[-71.1433,43.60259],[-71.143,43.60244]],[[-71.14945,43.58993],[-71.14961,43.58996],[-71.14921,43.58996],[-71.14945,43.58993]]]},"properties":{"a":20,"b":25}},{"type":"Feature","geometry":{"type":"Polygon","coordinates":[[[-71.15616,43.58318],[-71.15377,43.58474],[-71.15437,43.58559],[-71.15372,43.58588],[-71.14828,43.58548],[-71.14646,43.58636],[-71.14409,43.58646],[-71.14291,43.58868],[-71.14099,43.58959],[-71.13862,43.58835],[-71.1386,43.58637],[-71.13709,43.58686],[-71.13256,43.58631],[-71.13226,43.58553],[-71.1314,43.58618],[-71.12743,43.58553],[-71.12621,43.58681],[-71.1229,43.58678],[-71.12089,43.59049],[-71.12262,43.59262],[-71.12987,43.59506],[-71.13487,43.59872],[-71.13579,43.59729],[-71.14181,43.59941],[-71.14169,43.60157],[-71.14266,43.60202],[-71.14106,43.60267],[-71.14231,43.6036],[-71.14238,43.60575],[-71.14356,43.60683],[-71.15143,43.60642],[-71.1514,43.60535],[-71.15217,43.60492],[-71.15598,43.60408],[-71.15759,43.60509],[-71.15775,43.60714],[-71.15754,43.60785],[-71.15503,43.6091],[-71.15804,43.61142],[-71.15931,43.61092],[-71.15943,43.60946],[-71.16592,43.60833],[-71.16577,43.61047],[-71.16953,43.61149],[-71.1705,43.61049],[-71.16894,43.6096],[-71.16995,43.60917],[-71.16958,43.60895],[-71.17239,43.60927],[-71.17509,43.60634],[-71.17332,43.60288],[-71.17958,43.60174],[-71.18201,43.60022],[-71.18625,43.60019],[-71.18954,43.59871],[-71.18747,43.59826],[-71.18619,43.59743],[-71.18671,43.59716],[-71.18386,43.59617],[-71.17998,43.59251],[-71.17993,43.58922],[-71.1789,43.5876],[-71.17005,43.58515],[-71.16099,43.58434],[-71.15616,43.58318]],[[-71.15616,43.5834],[-71.16098,43.58447],[-71.16992,43.58531],[-71.17185,43.58628],[-71.1786,43.58768],[-71.1793,43.58922],[-71.17943,43.59207],[-71.17891,43.59273],[-71.1804,43.59351],[-71.1834,43.59681],[-71.18485,43.59737],[-71.18442,43.59849],[-71.18627,43.59783],[-71.1868,43.59852],[-71.1887,43.5987],[-71.1857,43.59983],[-71.18107,43.60002],[-71.18196,43.59846],[-71.17992,43.59787],[-71.17685,43.60173],[-71.17474,43.60251],[-71.1722,43.6025],[-71.17442,43.60632],[-71.17319,43.60754],[-71.16655,43.60617],[-71.16375,43.60629],[-71.1629,43.6065],[-71.16395,43.60782],[-71.15927,43.60892],[-71.15747,43.60845],[-71.15825,43.60802],[-71.1586,43.60494],[-71.15629,43.60362],[-71.14774,43.60556],[-71.14954,43.60578],[-71.14327,43.60624],[-71.14284,43.60356],[-71.14188,43.60267],[-71.14386,43.60224],[-71.14198,43.60144],[-71.14255,43.59894],[-71.13708,43.59672],[-71.13835,43.59563],[-71.13461,43.59561],[-71.13463,43.59693],[-71.13526,43.59737],[-71.13457,43.59832],[-71.13063,43.59471],[-71.12276,43.59252],[-71.12116,43.59027],[-71.12321,43.58701],[-71.12674,43.58718],[-71.12803,43.58592],[-71.12988,43.58661],[-71.13068,43.58619],[-71.1301,43.5868],[-71.13225,43.58814],[-71.13225,43.58733],[-71.13799,43.5876],[-71.13802,43.58837],[-71.14009,43.58954],[-71.14038,43.59037],[-71.14221,43.58878],[-71.14371,43.58992],[-71.14352,43.58818],[-71.14418,43.58708],[-71.14685,43.58716],[-71.14858,43.58597],[-71.14978,43.58654],[-71.15391,43.58617],[-71.15493,43.58559],[-71.15473,43.58493],[-71.15616,43.5834]],[[-71.18597,43.59754],[-71.1861,43.59759],[-71.18572,43.59759],[-71.18597,43.59754]],[[-71.17991,43.59841],[-71.18101,43.59889],[-71.1799,43.60061],[-71.17899,43.6008],[-71.17893,43.59937],[-71.17991,43.59841]],[[-71.16654,43.6065],[-71.16719,43.60655],[-71.16636,43.60652],[-71.16654,43.6065]],[[-71.17046,43.6078],[-71.17269,43.60779],[-71.17167,43.60885],[-71.16978,43.60829],[-71.17046,43.6078]],[[-71.16713,43.60849],[-71.16792,43.60968],[-71.16977,43.61071],[-71.16893,43.61112],[-71.16681,43.61004],[-71.16713,43.60849]],[[-71.16925,43.60872],[-71.16927,43.60875],[-71.16922,43.60873],[-71.16925,43.60872]],[[-71.1355,43.5956],[-71.13719,43.59562],[-71.13579,43.59671],[-71.13511,43.59627],[-71.1355,43.5956]],[[-71.13104,43.58692],[-71.13169,43.587],[-71.13204,43.58769],[-71.13104,43.58692]],[[-71.15806,43.60907],[-71.15896,43.60956],[-71.15804,43.61113],[-71.15723,43.60933],[-71.15806,43.60907]]]},"properties":{"a":15,"b":20}},{"type":"Feature","geometry":{"type":"Polygon","coordinates":[[[-71.15586,43.58294],[-71.15464,43.58386],[-71.15259,43.5841],[-71.15284,43.58471],[-71.15191,43.5852],[-71.1495,43.58482],[-71.14402,43.58576],[-71.14299,43.58653],[-71.14256,43.58821],[-71.141,43.58903],[-71.13903,43.58816],[-71.13935,43.58662],[-71.13861,43.58592],[-71.13317,43.58579],[-71.13227,43.58492],[-71.13075,43.58555],[-71.12683,43.58512],[-71.1256,43.58639],[-71.12501,43.58586],[-71.12258,43.58657],[-71.12063,43.59093],[-71.12265,43.59282],[-71.12915,43.59541],[-71.13486,43.59904],[-71.13562,43.59902],[-71.13578,43.5983],[-71.14125,43.6],[-71.14166,43.60191],[-71.14064,43.60284],[-71.14188,43.60377],[-71.142,43.60619],[-71.14346,43.60736],[-71.14624,43.60799],[-71.15172,43.60777],[-71.15204,43.60553],[-71.15568,43.60459],[-71.15704,43.60582],[-71.15704,43.60713],[-71.15439,43.60888],[-71.15422,43.60976],[-71.15864,43.61167],[-71.15993,43.6111],[-71.16016,43.61],[-71.16471,43.60931],[-71.16482,43.6109],[-71.16983,43.61184],[-71.17074,43.6115],[-71.17125,43.61086],[-71.17043,43.60983],[-71.17287,43.60978],[-71.1755,43.60656],[-71.17445,43.60327],[-71.18018,43.60241],[-71.1811,43.60127],[-71.1814,43.602],[-71.18356,43.6022],[-71.18261,43.60109],[-71.18308,43.60055],[-71.18444,43.6],[-71.18685,43.6005],[-71.19073,43.59849],[-71.1881,43.59802],[-71.1876,43.59738],[-71.18825,43.59694],[-71.18658,43.59691],[-71.18325,43.59473],[-71.18107,43.5923],[-71.18053,43.58922],[-71.1791,43.58723],[-71.17005,43.58495],[-71.161,43.58408],[-71.15586,43.58294]],[[-71.15616,43.58318],[-71.16099,43.58434],[-71.17005,43.58515],[-71.1789,43.5876],[-71.17993,43.58922],[-71.17998,43.59251],[-71.18386,43.59617],[-71.18671,43.59716],[-71.18619,43.59743],[-71.18747,43.59826],[-71.18954,43.59871],[-71.18625,43.60019],[-71.18201,43.60022],[-71.17958,43.60174],[-71.17332,43.60288],[-71.17509,43.60634],[-71.17239,43.60927],[-71.16958,43.60895],[-71.16995,43.60917],[-71.16894,43.6096],[-71.1705,43.61049],[-71.16953,43.61149],[-71.16577,43.61047],[-71.16592,43.60833],[-71.15943,43.60946],[-71.15931,43.61092],[-71.15804,43.61142],[-71.15503,43.6091],[-71.15754,43.60785],[-71.15775,43.60714],[-71.15759,43.60509],[-71.15598,43.60408],[-71.15217,43.60492],[-71.1514,43.60535],[-71.15143,43.60642],[-71.14356,43.60683],[-71.14238,43.60575],[-71.14231,43.6036],[-71.14106,43.60267],[-71.14266,43.60202],[-71.14169,43.60157],[-71.14181,43.59941],[-71.13579,43.59729],[-71.13487,43.59872],[-71.12987,43.59506],[-71.12262,43.59262],[-71.12089,43.59049],[-71.1229,43.58678],[-71.12621,43.58681],[-71.12743,43.58553],[-71.1314,43.58618],[-71.13226,43.58553],[-71.13256,43.58631],[-71.13709,43.58686],[-71.1386,43.58637],[-71.13862,43.58835],[-71.14099,43.58959],[-71.14291,43.58868],[-71.14409,43.58646],[-71.14646,43.58636],[-71.14828,43.58548],[-71.15372,43.58588],[-71.15437,43.58559],[-71.15377,43.58474],[-71.15616,43.58318]],[[-71.14688,43.60752],[-71.14781,43.60753],[-71.14718,43.60764],[-71.14688,43.60752]]]},"properties":{"a":10,"b":15}},{"type":"Feature","geometry":{"type":"Polygon","coordinates":[[[-71.15734,43.58297],[-71.15253,43.58307],[-71.15132,43.58382],[-71.15131,43.58471],[-71.15074,43.58423],[-71.14506,43.58408],[-71.14226,43.586],[-71.14072,43.58623],[-71.13869,43.58547],[-71.12834,43.58487],[-71.12653,43.58423],[-71.12228,43.58633],[-71.12016,43.59093],[-71.12298,43.59324],[-71.13472,43.59923],[-71.1412,43.60091],[-71.14132,43.60179],[-71.14012,43.60288],[-71.14149,43.60399],[-71.14129,43.60597],[-71.1429,43.60773],[-71.14124,43.60882],[-71.14237,43.60949],[-71.14292,43.61103],[-71.14413,43.61144],[-71.14596,43.60974],[-71.15161,43.60872],[-71.1523,43.61003],[-71.15774,43.61174],[-71.15985,43.61179],[-71.16085,43.61073],[-71.16319,43.61033],[-71.16364,43.61122],[-71.1659,43.61187],[-71.17103,43.61197],[-71.17222,43.61116],[-71.17167,43.61071],[-71.17392,43.60973],[-71.17449,43.60809],[-71.1759,43.60678],[-71.17534,43.6037],[-71.18048,43.60331],[-71.18109,43.6024],[-71.18381,43.60266],[-71.18449,43.60198],[-71.18443,43.60029],[-71.18716,43.6009],[-71.19133,43.59871],[-71.19119,43.59821],[-71.18879,43.59775],[-71.18875,43.59625],[-71.18718,43.59656],[-71.18339,43.59385],[-71.18061,43.58834],[-71.18132,43.58769],[-71.18102,43.58725],[-71.17014,43.58478],[-71.15734,43.58297]],[[-71.15586,43.58294],[-71.161,43.58408],[-71.17005,43.58495],[-71.1791,43.58723],[-71.18053,43.58922],[-71.18107,43.5923],[-71.18325,43.59473],[-71.18658,43.59691],[-71.18825,43.59694],[-71.1876,43.59738],[-71.1881,43.59802],[-71.19073,43.59849],[-71.18685,43.6005],[-71.18444,43.6],[-71.18308,43.60055],[-71.18261,43.60109],[-71.18356,43.6022],[-71.1814,43.602],[-71.1811,43.60127],[-71.18018,43.60241],[-71.17445,43.60327],[-71.1755,43.60656],[-71.17287,43.60978],[-71.17043,43.60983],[-71.17125,43.61086],[-71.17074,43.6115],[-71.16983,43.61184],[-71.16482,43.6109],[-71.16471,43.60931],[-71.16016,43.61],[-71.15993,43.6111],[-71.15864,43.61167],[-71.15422,43.60976],[-71.15439,43.60888],[-71.15704,43.60713],[-71.15704,43.60582],[-71.15568,43.60459],[-71.15204,43.60553],[-71.15172,43.60777],[-71.14624,43.60799],[-71.14346,43.60736],[-71.142,43.60619],[-71.14188,43.60377],[-71.14064,43.60284],[-71.14166,43.60191],[-71.14125,43.6],[-71.13578,43.5983],[-71.13562,43.59902],[-71.13486,43.59904],[-71.12915,43.59541],[-71.12265,43.59282],[-71.12063,43.59093],[-71.12258,43.58657],[-71.12501,43.58586],[-71.1256,43.58639],[-71.12683,43.58512],[-71.13075,43.58555],[-71.13227,43.58492],[-71.13317,43.58579],[-71.13861,43.58592],[-71.13935,43.58662],[-71.13903,43.58816],[-71.141,43.58903],[-71.14256,43.58821],[-71.14299,43.58653],[-71.14402,43.58576],[-71.1495,43.58482],[-71.15191,43.5852],[-71.15284,43.58471],[-71.15259,43.5841],[-71.15464,43.58386],[-71.15586,43.58294]],[[-71.15446,43.60511],[-71.1557,43.60535],[-71.15631,43.60717],[-71.15433,43.60866],[-71.15228,43.6089],[-71.15258,43.60558],[-71.15446,43.60511]],[[-71.14011,43.58657],[-71.14132,43.58646],[-71.14222,43.58793],[-71.1404,43.58835],[-71.13961,43.58772],[-71.14011,43.58657]],[[-71.14385,43.60902],[-71.14385,43.60908],[-71.14382,43.60903],[-71.14385,43.60902]]]},"properties":{"a":5,"b":10}},{"type":"Feature","geometry":{"type":"Polygon","coordinates":[[[-71.1825,43.58788],[-71.18175,43.58704],[-71.1761,43.58574],[-71.16001,43.58349],[-71.15294,43.58185],[-71.15051,43.58391],[-71.14896,43.58309],[-71.14659,43.58355],[-71.14337,43.58277],[-71.14183,43.58579],[-71.14021,43.58527],[-71.14111,43.58492],[-71.14133,43.58435],[-71.14079,43.58412],[-71.1367,43.58491],[-71.12517,43.58399],[-71.12215,43.58577],[-71.11952,43.5906],[-71.12253,43.59313],[-71.13512,43.59975],[-71.14082,43.60391],[-71.14116,43.60469],[-71.1406,43.60572],[-71.14182,43.6079],[-71.13823,43.60712],[-71.1394,43.60758],[-71.13908,43.6094],[-71.14005,43.61071],[-71.14122,43.61094],[-71.14205,43.61197],[-71.14436,43.61289],[-71.14777,43.6113],[-71.15376,43.61153],[-71.15668,43.6126],[-71.16133,43.61191],[-71.16165,43.61251],[-71.16072,43.6135],[-71.16136,43.61376],[-71.16084,43.61494],[-71.16153,43.61594],[-71.1619,43.61525],[-71.16129,43.61488],[-71.16268,43.61303],[-71.16245,43.6124],[-71.16995,43.61272],[-71.17307,43.61147],[-71.17627,43.60711],[-71.17607,43.60412],[-71.17971,43.60462],[-71.18222,43.60353],[-71.18285,43.60508],[-71.18248,43.6039],[-71.18306,43.60373],[-71.18256,43.60319],[-71.18418,43.60294],[-71.18521,43.60153],[-71.1883,43.60114],[-71.1888,43.6019],[-71.18787,43.60165],[-71.18857,43.60242],[-71.18927,43.60198],[-71.19174,43.60245],[-71.19345,43.6013],[-71.19469,43.5992],[-71.19254,43.59957],[-71.19164,43.59802],[-71.19216,43.59731],[-71.19498,43.5967],[-71.19155,43.59699],[-71.19107,43.5981],[-71.18987,43.59777],[-71.1904,43.59612],[-71.18823,43.59527],[-71.18672,43.59353],[-71.18494,43.59395],[-71.18393,43.59342],[-71.18338,43.59106],[-71.18176,43.58938],[-71.18161,43.58837],[-71.1825,43.58788]],[[-71.17014,43.58478],[-71.18102,43.58725],[-71.18132,43.58769],[-71.18061,43.58834],[-71.18339,43.59385],[-71.18718,43.59656],[-71.18875,43.59625],[-71.18879,43.59775],[-71.19119,43.59821],[-71.19133,43.59871],[-71.18716,43.6009],[-71.18443,43.60029],[-71.18449,43.60198],[-71.18381,43.60266],[-71.18109,43.6024],[-71.18048,43.60331],[-71.17534,43.6037],[-71.17582,43.60693],[-71.17449,43.60809],[-71.17365,43.60998],[-71.17167,43.61071],[-71.17222,43.61116],[-71.17013,43.61218],[-71.16559,43.6118],[-71.16364,43.61122],[-71.16319,43.61033],[-71.16085,43.61073],[-71.15985,43.61179],[-71.15774,43.61174],[-71.1523,43.61003],[-71.15161,43.60872],[-71.14596,43.60974],[-71.14413,43.61144],[-71.14292,43.61103],[-71.14237,43.60949],[-71.14124,43.60882],[-71.1429,43.60773],[-71.14129,43.60597],[-71.14149,43.60399],[-71.14012,43.60288],[-71.14132,43.60179],[-71.1412,43.60091],[-71.13472,43.59923],[-71.12298,43.59324],[-71.12016,43.59093],[-71.12228,43.58633],[-71.12653,43.58423],[-71.12834,43.58487],[-71.13869,43.58547],[-71.14072,43.58623],[-71.14226,43.586],[-71.14497,43.58409],[-71.15074,43.58423],[-71.15131,43.58471],[-71.15205,43.58325],[-71.15609,43.58269],[-71.1628,43.5841],[-71.17014,43.58478]],[[-71.19109,43.59956],[-71.1917,43.59938],[-71.19257,43.60048],[-71.19014,43.60069],[-71.19109,43.59956]],[[-71.16266,43.61175],[-71.16206,43.61194],[-71.16124,43.61134],[-71.16266,43.61175]],[[-71.14096,43.60142],[-71.14035,43.60212],[-71.13944,43.60151],[-71.14096,43.60142]],[[-71.1918,43.59762],[-71.19141,43.59783],[-71.19169,43.59752],[-71.1918,43.59762]],[[-71.19331,43.59693],[-71.19324,43.59695],[-71.19315,43.59691],[-71.19331,43.59693]]]},"properties":{"a":0,"b":5}},{"type":"Feature","geometry":{"type":"Polygon","coordinates":[[[-71.21337,43.58832],[-71.21369,43.58747],[-71.21588,43.58785],[-71.21364,43.58732],[-71.21424,43.58528],[-71.21358,43.58447],[-71.21303,43.58698],[-71.20864,43.5889],[-71.20877,43.58968],[-71.20792,43.59028],[-71.20668,43.58998],[-71.20613,43.59143],[-71.20978,43.59093],[-71.21128,43.58933],[-71.21337,43.58832]],[[-71.21158,43.5878],[-71.21087,43.58833],[-71.21087,43.588],[-71.21158,43.5878]],[[-71.21316,43.58733],[-71.21266,43.588],[-71.21209,43.58775],[-71.21316,43.58733]],[[-71.2133,43.58732],[-71.21363,43.58743],[-71.21341,43.58745],[-71.2133,43.58732]],[[-71.21284,43.5881],[-71.21273,43.58849],[-71.21241,43.58837],[-71.21284,43.5881]],[[-71.21122,43.5884],[-71.21138,43.58887],[-71.21073,43.58899],[-71.21122,43.5884]],[[-71.21359,43.58585],[-71.21361,43.58588],[-71.21359,43.5859],[-71.21359,43.58585]],[[-71.2102,43.58926],[-71.21029,43.58944],[-71.20965,43.58973],[-71.2102,43.58926]],[[-71.20679,43.59041],[-71.20683,43.59075],[-71.20648,43.59068],[-71.20679,43.59041]],[[-71.20872,43.59046],[-71.20867,43.59059],[-71.20839,43.59061],[-71.20872,43.59046]],[[-71.20826,43.5907],[-71.20826,43.59084],[-71.20813,43.59084],[-71.20826,43.5907]]]},"properties":{"a":0,"b":5}},{"type":"Feature","geometry":{"type":"Polygon","coordinates":[[[-71.17757,43.54272],[-71.17805,43.54428],[-71.18018,43.54649],[-71.1822,43.54593],[-71.18169,43.54374],[-71.18235,43.54362],[-71.18351,43.54467],[-71.1827,43.54331],[-71.1807,43.5424],[-71.17899,43.5421],[-71.17757,43.54272]],[[-71.18182,43.54326],[-71.18137,43.54415],[-71.18208,43.54573],[-71.181,43.54633],[-71.18005,43.54614],[-71.178,43.54334],[-71.17826,43.5427],[-71.17945,43.54244],[-71.18182,43.54326]]]},"properties":{"a":0,"b":5}},{"type":"Feature","geometry":{"type":"Polygon","coordinates":[[[-71.18182,43.54326],[-71.17945,43.54244],[-71.17826,43.5427],[-71.178,43.54334],[-71.18005,43.54614],[-71.181,43.54633],[-71.18208,43.54573],[-71.18137,43.54415],[-71.18182,43.54326]],[[-71.18099,43.54306],[-71.18155,43.54334],[-71.18187,43.54541],[-71.18129,43.54611],[-71.17858,43.54448],[-71.17984,43.54289],[-71.18099,43.54306]]]},"properties":{"a":5,"b":10}},{"type":"Feature","geometry":{"type":"Polygon","coordinates":[[[-71.18099,43.54306],[-71.17984,43.54289],[-71.17858,43.54448],[-71.18129,43.54611],[-71.18187,43.54541],[-71.18155,43.54334],[-71.18099,43.54306]]]},"properties":{"a":10,"b":15}},{"type":"Feature","geometry":{"type":"Polygon","coordinates":[[[-71.20368,43.50753],[-71.19961,43.50617],[-71.19717,43.50734],[-71.20341,43.51064],[-71.20866,43.51522],[-71.20801,43.51375],[-71.20512,43.51155],[-71.205,43.50978],[-71.20368,43.50753]],[[-71.2044,43.51029],[-71.20425,43.51098],[-71.19816,43.50717],[-71.19993,43.50643],[-71.20298,43.50745],[-71.20376,43.50833],[-71.20323,43.50924],[-71.20441,43.50948],[-71.2044,43.51029]],[[-71.20543,43.51238],[-71.20506,43.512],[-71.20577,43.5124],[-71.20543,43.51238]]]},"properties":{"a":0,"b":5}},{"type":"Feature","geometry":{"type":"Polygon","coordinates":[[[-71.20543,43.51238],[-71.20577,43.5124],[-71.20506,43.512],[-71.20543,43.51238]]]},"properties":{"a":5,"b":7}},{"type":"Feature","geometry":{"type":"Polygon","coordinates":[[[-71.2044,43.51029],[-71.20441,43.50948],[-71.20323,43.50924],[-71.20376,43.50833],[-71.20298,43.50745],[-71.19993,43.50643],[-71.19816,43.50717],[-71.20425,43.51098],[-71.2044,43.51029]],[[-71.2037,43.51009],[-71.20066,43.50831],[-71.20005,43.50693],[-71.20291,43.50766],[-71.20353,43.50837],[-71.20309,43.5092],[-71.20409,43.50959],[-71.2037,43.51009]]]},"properties":{"a":5,"b":10}},{"type":"Feature","geometry":{"type":"Polygon","coordinates":[[[-71.2037,43.51009],[-71.20409,43.50959],[-71.20309,43.5092],[-71.20353,43.50837],[-71.20291,43.50766],[-71.20005,43.50693],[-71.20066,43.50831],[-71.2037,43.51009]],[[-71.20335,43.50975],[-71.20314,43.50989],[-71.20162,43.50794],[-71.20335,43.50975]]]},"properties":{"a":10,"b":15}},{"type":"Feature","geometry":{"type":"Polygon","coordinates":[[[-71.20335,43.50975],[-71.20162,43.50794],[-71.20314,43.50989],[-71.20335,43.50975]]]},"properties":{"a":15,"b":17}},{"type":"Feature","geometry":{"type":"Polygon","coordinates":[[[-71.19612,43.48978],[-71.19466,43.48785],[-71.19214,43.48721],[-71.19154,43.48762],[-71.19354,43.49001],[-71.19612,43.48978]],[[-71.19595,43.48968],[-71.19341,43.48977],[-71.19214,43.48773],[-71.19477,43.48816],[-71.19595,43.48968]]]},"properties":{"a":0,"b":5}},{"type":"Feature","geometry":{"type":"Polygon","coordinates":[[[-71.19595,43.48968],[-71.19477,43.48816],[-71.19214,43.48773],[-71.19341,43.48977],[-71.19595,43.48968]],[[-71.19582,43.48965],[-71.19339,43.48957],[-71.19236,43.48806],[-71.19433,43.48842],[-71.19582,43.48965]]]},"properties":{"a":5,"b":10}},{"type":"Feature","geometry":{"type":"Polygon","coordinates":[[[-71.19582,43.48965],[-71.19433,43.48842],[-71.19236,43.48806],[-71.19339,43.48957],[-71.19582,43.48965]],[[-71.19464,43.48939],[-71.19417,43.48946],[-71.19344,43.48893],[-71.19464,43.48939]]]},"properties":{"a":10,"b":15}},{"type":"Feature","geometry":{"type":"Polygon","coordinates":[[[-71.19464,43.48939],[-71.19344,43.48893],[-71.19417,43.48946],[-71.19464,43.48939]]]},"properties":{"a":15,"b":16}},{"type":"Feature","geometry":{"type":"Polygon","coordinates":[[[-71.17458,43.45122],[-71.17427,43.4524],[-71.17271,43.45303],[-71.17256,43.45442],[-71.17043,43.45358],[-71.17023,43.4542],[-71.16938,43.45378],[-71.16994,43.45465],[-71.16963,43.45532],[-71.17043,43.45594],[-71.1698,43.45734],[-71.17447,43.46144],[-71.17369,43.46037],[-71.17494,43.46046],[-71.17497,43.45964],[-71.177,43.45912],[-71.17315,43.45805],[-71.17165,43.45622],[-71.17382,43.45638],[-71.17321,43.45495],[-71.17524,43.45273],[-71.17562,43.44851],[-71.1751,43.44676],[-71.17402,43.44708],[-71.17458,43.44808],[-71.17417,43.44899],[-71.17503,43.45039],[-71.17458,43.45122]],[[-71.17423,43.45972],[-71.17459,43.45998],[-71.1734,43.4598],[-71.17423,43.45972]],[[-71.17314,43.45949],[-71.17275,43.45973],[-71.17244,43.45905],[-71.17346,43.45924],[-71.17314,43.45949]],[[-71.17534,43.45907],[-71.17218,43.45813],[-71.17089,43.45645],[-71.17054,43.45478],[-71.17265,43.4548],[-71.17359,43.454],[-71.17292,43.45514],[-71.1711,43.45494],[-71.17085,43.45577],[-71.17205,43.45766],[-71.17622,43.45922],[-71.17534,43.45907]],[[-71.17109,43.45708],[-71.17067,43.45757],[-71.17017,43.4566],[-71.17109,43.45708]],[[-71.17162,43.45514],[-71.17251,43.4557],[-71.17114,43.45507],[-71.17162,43.45514]],[[-71.17163,43.45567],[-71.17205,43.45589],[-71.1713,43.45607],[-71.17088,43.45549],[-71.17163,43.45567]],[[-71.17489,43.45242],[-71.1748,43.45245],[-71.17478,43.4524],[-71.17489,43.45242]],[[-71.17514,43.45048],[-71.17471,43.45229],[-71.17508,43.45038],[-71.17417,43.44718],[-71.17493,43.4469],[-71.17514,43.45048]]]},"properties":{"a":0,"b":5}},{"type":"Feature","geometry":{"type":"Polygon","coordinates":[[[-71.2278,43.4607],[-71.22836,43.46087],[-71.22718,43.45737],[-71.22817,43.45616],[-71.22723,43.45504],[-71.22525,43.45515],[-71.22535,43.45611],[-71.22417,43.45812],[-71.22641,43.45911],[-71.2278,43.4607]],[[-71.22528,43.45814],[-71.22451,43.4579],[-71.22549,43.4554],[-71.22716,43.45531],[-71.22793,43.4563],[-71.22705,43.45729],[-71.22807,43.46063],[-71.22528,43.45814]],[[-71.22528,43.45823],[-71.22519,43.4584],[-71.22514,43.45817],[-71.22528,43.45823]]]},"properties":{"a":0,"b":5}},{"type":"Feature","geometry":{"type":"Polygon","coordinates":[[[-71.22528,43.45814],[-71.22807,43.46063],[-71.22705,43.45729],[-71.22793,43.4563],[-71.22716,43.45531],[-71.22549,43.4554],[-71.22451,43.4579],[-71.22528,43.45814]],[[-71.22661,43.45697],[-71.22597,43.45558],[-71.22747,43.45654],[-71.2274,43.45709],[-71.22661,43.45697]]]},"properties":{"a":5,"b":8}},{"type":"Feature","geometry":{"type":"Polygon","coordinates":[[[-71.17903,43.4597],[-71.1791,43.45963],[-71.17902,43.45961],[-71.17903,43.4597]]]},"properties":{"a":4,"b":5}},{"type":"Feature","geometry":{"type":"Polygon","coordinates":[[[-71.18033,43.45982],[-71.18212,43.45907],[-71.18325,43.4595],[-71.18265,43.45898],[-71.18011,43.45899],[-71.18033,43.45982]]]},"properties":{"a":2,"b":3}},{"type":"Feature","geometry":{"type":"Polygon","coordinates":[[[-71.18347,43.45988],[-71.18355,43.45941],[-71.18334,43.45952],[-71.18347,43.45988]]]},"properties":{"a":0,"b":1}},{"type":"Feature","geometry":{"type":"Polygon","coordinates":[[[-71.17876,43.45989],[-71.17971,43.45897],[-71.17941,43.45904],[-71.17876,43.45989]]]},"properties":{"a":0,"b":1}},{"type":"Feature","geometry":{"type":"Polygon","coordinates":[[[-71.1788,43.45992],[-71.17976,43.45897],[-71.17941,43.4591],[-71.1788,43.45992]]]},"properties":{"a":1,"b":2}},{"type":"Feature","geometry":{"type":"Polygon","coordinates":[[[-71.17882,43.45994],[-71.17987,43.45978],[-71.17896,43.45964],[-71.1798,43.45897],[-71.17882,43.45994]]]},"properties":{"a":2,"b":3}},{"type":"Feature","geometry":{"type":"Polygon","coordinates":[[[-71.18215,43.46003],[-71.18216,43.45967],[-71.18149,43.45987],[-71.18215,43.46003]]]},"properties":{"a":17,"b":18}},{"type":"Feature","geometry":{"type":"Polygon","coordinates":[[[-71.17973,43.46004],[-71.18027,43.45992],[-71.17978,43.45994],[-71.17973,43.46004]]]},"properties":{"a":4,"b":5}},{"type":"Feature","geometry":{"type":"Polygon","coordinates":[[[-71.18213,43.46007],[-71.18264,43.4597],[-71.18146,43.45975],[-71.18213,43.46007]],[[-71.18216,43.46003],[-71.18149,43.45987],[-71.18215,43.45966],[-71.18216,43.46003]]]},"properties":{"a":16,"b":17}},{"type":"Feature","geometry":{"type":"Polygon","coordinates":[[[-71.17868,43.46006],[-71.17871,43.45992],[-71.17786,43.45964],[-71.17868,43.46006]]]},"properties":{"a":4,"b":5}},{"type":"Feature","geometry":{"type":"Polygon","coordinates":[[[-71.18212,43.4601],[-71.18269,43.45954],[-71.18143,43.45974],[-71.18212,43.4601]],[[-71.18215,43.46007],[-71.18146,43.45975],[-71.18264,43.4597],[-71.18215,43.46007]]]},"properties":{"a":15,"b":16}},{"type":"Feature","geometry":{"type":"Polygon","coordinates":[[[-71.18046,43.46013],[-71.18048,43.46001],[-71.18035,43.46],[-71.18046,43.46013]]]},"properties":{"a":4,"b":5}},{"type":"Feature","geometry":{"type":"Polygon","coordinates":[[[-71.18208,43.46013],[-71.18273,43.45951],[-71.1814,43.45972],[-71.18208,43.46013]],[[-71.18213,43.4601],[-71.18143,43.45974],[-71.18269,43.45954],[-71.18213,43.4601]]]},"properties":{"a":14,"b":15}},{"type":"Feature","geometry":{"type":"Polygon","coordinates":[[[-71.18208,43.46015],[-71.18278,43.45951],[-71.1814,43.4597],[-71.18208,43.46015]],[[-71.1821,43.46013],[-71.1814,43.45972],[-71.18273,43.45951],[-71.1821,43.46013]]]},"properties":{"a":13,"b":14}},{"type":"Feature","geometry":{"type":"Polygon","coordinates":[[[-71.17895,43.46014],[-71.17911,43.46009],[-71.17888,43.46011],[-71.17895,43.46014]]]},"properties":{"a":4,"b":5}},{"type":"Feature","geometry":{"type":"Polygon","coordinates":[[[-71.18205,43.46017],[-71.18287,43.45957],[-71.18137,43.45968],[-71.18205,43.46017]],[[-71.1821,43.46015],[-71.1814,43.4597],[-71.18278,43.45951],[-71.1821,43.46015]]]},"properties":{"a":12,"b":13}},{"type":"Feature","geometry":{"type":"Polygon","coordinates":[[[-71.18203,43.4602],[-71.18299,43.45968],[-71.18135,43.45965],[-71.18203,43.4602]],[[-71.18208,43.46017],[-71.18137,43.45968],[-71.18285,43.45955],[-71.18208,43.46017]]]},"properties":{"a":11,"b":12}},{"type":"Feature","geometry":{"type":"Polygon","coordinates":[[[-71.18202,43.46022],[-71.18306,43.4597],[-71.18132,43.45963],[-71.18202,43.46022]],[[-71.18205,43.4602],[-71.18134,43.45966],[-71.18299,43.45968],[-71.18205,43.4602]]]},"properties":{"a":10,"b":11}},{"type":"Feature","geometry":{"type":"Polygon","coordinates":[[[-71.18356,43.46024],[-71.18355,43.46008],[-71.18347,43.45991],[-71.18356,43.46024]]]},"properties":{"a":0,"b":1}},{"type":"Feature","geometry":{"type":"Polygon","coordinates":[[[-71.18193,43.46022],[-71.1831,43.45969],[-71.1813,43.45961],[-71.18193,43.46022]],[[-71.18208,43.46021],[-71.18132,43.45964],[-71.18305,43.45968],[-71.18208,43.46021]]]},"properties":{"a":9,"b":10}},{"type":"Feature","geometry":{"type":"Polygon","coordinates":[[[-71.18201,43.46026],[-71.18314,43.45968],[-71.18182,43.45945],[-71.18311,43.45971],[-71.18206,43.46025],[-71.18125,43.45999],[-71.18174,43.45938],[-71.18127,43.45959],[-71.18201,43.46026]]]},"properties":{"a":8,"b":9}},{"type":"Feature","geometry":{"type":"Polygon","coordinates":[[[-71.18357,43.46026],[-71.1835,43.45958],[-71.18332,43.45952],[-71.18357,43.46026]]]},"properties":{"a":1,"b":2}},{"type":"Feature","geometry":{"type":"Polygon","coordinates":[[[-71.18201,43.46028],[-71.18319,43.45968],[-71.18136,43.45945],[-71.18119,43.46003],[-71.18201,43.46028]],[[-71.18204,43.46025],[-71.18127,43.45959],[-71.18314,43.45968],[-71.18204,43.46025]]]},"properties":{"a":7,"b":8}},{"type":"Feature","geometry":{"type":"Polygon","coordinates":[[[-71.18365,43.4603],[-71.18365,43.4603],[-71.18361,43.46028],[-71.18365,43.4603]]]},"properties":{"a":0,"b":1}},{"type":"Feature","geometry":{"type":"Polygon","coordinates":[[[-71.18191,43.46028],[-71.18286,43.46029],[-71.18323,43.45967],[-71.18154,43.4593],[-71.18114,43.46],[-71.18191,43.46028]],[[-71.18206,43.46027],[-71.18124,43.45957],[-71.18319,43.45968],[-71.18206,43.46027]]]},"properties":{"a":6,"b":7}},{"type":"Feature","geometry":{"type":"Polygon","coordinates":[[[-71.18364,43.46031],[-71.18365,43.4603],[-71.18358,43.46027],[-71.18364,43.46031]]]},"properties":{"a":1,"b":2}},{"type":"Feature","geometry":{"type":"Polygon","coordinates":[[[-71.18199,43.46033],[-71.1829,43.46031],[-71.18327,43.4596],[-71.18206,43.45927],[-71.18325,43.45975],[-71.18199,43.4603],[-71.18116,43.46003],[-71.18183,43.45942],[-71.18128,43.45938],[-71.18112,43.46003],[-71.18199,43.46033]]]},"properties":{"a":5,"b":6}},{"type":"Feature","geometry":{"type":"Polygon","coordinates":[[[-71.18358,43.46037],[-71.18344,43.46019],[-71.18336,43.46018],[-71.18358,43.46037]]]},"properties":{"a":5,"b":6}},{"type":"Feature","geometry":{"type":"Polygon","coordinates":[[[-71.18362,43.46041],[-71.18343,43.46015],[-71.18328,43.46019],[-71.18362,43.46041]],[[-71.18359,43.46037],[-71.18336,43.46018],[-71.18344,43.46019],[-71.18359,43.46037]]]},"properties":{"a":4,"b":5}},{"type":"Feature","geometry":{"type":"Polygon","coordinates":[[[-71.18308,43.46042],[-71.18308,43.4604],[-71.18294,43.46036],[-71.18308,43.46042]]]},"properties":{"a":4,"b":5}},{"type":"Feature","geometry":{"type":"Polygon","coordinates":[[[-71.18247,43.46057],[-71.1833,43.45954],[-71.18274,43.45909],[-71.18119,43.45937],[-71.18111,43.46016],[-71.18247,43.46057]],[[-71.18202,43.46033],[-71.18112,43.46004],[-71.18128,43.45938],[-71.18326,43.45959],[-71.1829,43.46031],[-71.18202,43.46033]],[[-71.18223,43.45923],[-71.18215,43.45921],[-71.18232,43.45918],[-71.18223,43.45923]]]},"properties":{"a":4,"b":5}},{"type":"Feature","geometry":{"type":"Polygon","coordinates":[[[-71.18387,43.46059],[-71.18399,43.46052],[-71.18389,43.46047],[-71.18387,43.46059]]]},"properties":{"a":3,"b":4}},{"type":"Feature","geometry":{"type":"Polygon","coordinates":[[[-71.18437,43.4608],[-71.18331,43.45951],[-71.18317,43.46018],[-71.18385,43.46041],[-71.18316,43.46047],[-71.18437,43.4608]],[[-71.18396,43.46055],[-71.18385,43.46058],[-71.18389,43.46047],[-71.18396,43.46055]]]},"properties":{"a":2,"b":3}},{"type":"Feature","geometry":{"type":"Polygon","coordinates":[[[-71.18241,43.46101],[-71.18319,43.46025],[-71.18385,43.46041],[-71.18272,43.45904],[-71.18035,43.45982],[-71.1798,43.45897],[-71.17896,43.45964],[-71.17987,43.45978],[-71.17883,43.45994],[-71.17737,43.45905],[-71.1783,43.46002],[-71.18025,43.46003],[-71.18241,43.46101]],[[-71.1825,43.46057],[-71.18111,43.46016],[-71.18119,43.45937],[-71.18274,43.45909],[-71.1833,43.45954],[-71.1825,43.46057]],[[-71.18048,43.46013],[-71.18035,43.46],[-71.18048,43.46001],[-71.18048,43.46013]],[[-71.17984,43.46002],[-71.1797,43.45999],[-71.18027,43.45992],[-71.17984,43.46002]],[[-71.17874,43.46002],[-71.1779,43.45981],[-71.17785,43.45965],[-71.17874,43.46002]],[[-71.18328,43.46019],[-71.18342,43.46014],[-71.18366,43.46041],[-71.18328,43.46019]],[[-71.18294,43.46036],[-71.18309,43.46042],[-71.18307,43.46042],[-71.18294,43.46036]],[[-71.17972,43.45936],[-71.17958,43.45929],[-71.17987,43.45933],[-71.17972,43.45936]],[[-71.17905,43.45962],[-71.1791,43.45963],[-71.17903,43.4597],[-71.17905,43.45962]],[[-71.17792,43.45948],[-71.17738,43.45904],[-71.17794,43.45934],[-71.17792,43.45948]],[[-71.17894,43.46008],[-71.17911,43.46009],[-71.17888,43.46012],[-71.17894,43.46008]]]},"properties":{"a":3,"b":4}},{"type":"Feature","geometry":{"type":"Polygon","coordinates":[[[-71.18436,43.46109],[-71.18443,43.46046],[-71.18322,43.4603],[-71.18436,43.46109]]]},"properties":{"a":1,"b":2}},{"type":"Feature","geometry":{"type":"Polygon","coordinates":[[[-71.18448,43.46138],[-71.18728,43.46128],[-71.18589,43.46003],[-71.18503,43.46034],[-71.18486,43.45972],[-71.18452,43.46038],[-71.18374,43.46031],[-71.18469,43.46107],[-71.18325,43.46036],[-71.18448,43.46138]]]},"properties":{"a":0,"b":1}},{"type":"Feature","geometry":{"type":"Polygon","coordinates":[[[-71.18081,43.4615],[-71.18157,43.4605],[-71.17827,43.46008],[-71.17738,43.459],[-71.17821,43.46013],[-71.18136,43.46052],[-71.18081,43.4615]]]},"properties":{"a":1,"b":2}},{"type":"Feature","geometry":{"type":"Polygon","coordinates":[[[-71.18083,43.46161],[-71.18125,43.46156],[-71.18148,43.46129],[-71.18083,43.46161]]]},"properties":{"a":2,"b":3}},{"type":"Feature","geometry":{"type":"Polygon","coordinates":[[[-71.18064,43.46166],[-71.18309,43.46053],[-71.18241,43.46101],[-71.18025,43.46003],[-71.17865,43.46012],[-71.17739,43.45901],[-71.17827,43.46008],[-71.18157,43.4605],[-71.18077,43.4615],[-71.18147,43.46137],[-71.18064,43.46166]]]},"properties":{"a":2,"b":3}},{"type":"Feature","geometry":{"type":"Polygon","coordinates":[[[-71.18032,43.46167],[-71.18053,43.46147],[-71.18036,43.46149],[-71.18032,43.46167]]]},"properties":{"a":3,"b":4}},{"type":"Feature","geometry":{"type":"Polygon","coordinates":[[[-71.1799,43.46354],[-71.18018,43.46169],[-71.17952,43.46313],[-71.1799,43.46354]]]},"properties":{"a":3,"b":4}},{"type":"Feature","geometry":{"type":"Polygon","coordinates":[[[-71.17953,43.46376],[-71.17957,43.4637],[-71.17947,43.46366],[-71.17953,43.46376]]]},"properties":{"a":1,"b":2}},{"type":"Feature","geometry":{"type":"Polygon","coordinates":[[[-71.17917,43.46402],[-71.17933,43.46397],[-71.17921,43.46395],[-71.17917,43.46402]]]},"properties":{"a":1,"b":2}},{"type":"Feature","geometry":{"type":"Polygon","coordinates":[[[-71.17954,43.46402],[-71.17965,43.46395],[-71.17951,43.46397],[-71.17954,43.46402]]]},"properties":{"a":3,"b":4}},{"type":"Feature","geometry":{"type":"Polygon","coordinates":[[[-71.17876,43.46419],[-71.1791,43.46411],[-71.17893,43.46407],[-71.17876,43.46419]]]},"properties":{"a":3,"b":4}},{"type":"Feature","geometry":{"type":"Polygon","coordinates":[[[-71.17808,43.46569],[-71.1782,43.46563],[-71.17806,43.46557],[-71.17808,43.46569]]]},"properties":{"a":3,"b":4}},{"type":"Feature","geometry":{"type":"Polygon","coordinates":[[[-71.17912,43.46769],[-71.17922,43.46761],[-71.17912,43.46762],[-71.17912,43.46769]]]},"properties":{"a":1,"b":2}},{"type":"Feature","geometry":{"type":"Polygon","coordinates":[[[-71.17876,43.46818],[-71.17894,43.46667],[-71.17805,43.46503],[-71.18008,43.46361],[-71.1805,43.46143],[-71.17919,43.46393],[-71.17758,43.46508],[-71.17876,43.46818]],[[-71.1781,43.46569],[-71.17806,43.46557],[-71.1782,43.46563],[-71.1781,43.46569]],[[-71.17878,43.46419],[-71.17892,43.46408],[-71.1791,43.46411],[-71.17878,43.46419]],[[-71.17955,43.46402],[-71.17951,43.46397],[-71.17965,43.46395],[-71.17955,43.46402]],[[-71.17919,43.46402],[-71.17914,43.46399],[-71.17933,43.46396],[-71.17919,43.46402]],[[-71.17954,43.46376],[-71.17947,43.46366],[-71.17957,43.4637],[-71.17954,43.46376]],[[-71.17991,43.46353],[-71.17952,43.46313],[-71.18018,43.46169],[-71.17991,43.46353]]]},"properties":{"a":2,"b":3}},{"type":"Feature","geometry":{"type":"Polygon","coordinates":[[[-71.17868,43.4689],[-71.17936,43.46825],[-71.17932,43.46661],[-71.1782,43.46501],[-71.18025,43.46369],[-71.1805,43.46189],[-71.18306,43.46056],[-71.18024,43.46173],[-71.18008,43.46361],[-71.17806,43.46501],[-71.17894,43.46667],[-71.17877,43.46818],[-71.17758,43.46508],[-71.17919,43.46393],[-71.18049,43.46142],[-71.17951,43.46194],[-71.17913,43.46384],[-71.17733,43.46503],[-71.17868,43.4689]],[[-71.17912,43.4677],[-71.17912,43.46762],[-71.17921,43.46761],[-71.17912,43.4677]]]},"properties":{"a":1,"b":2}},{"type":"Feature","geometry":{"type":"Polygon","coordinates":[[[-71.1794,43.47062],[-71.18009,43.47045],[-71.17896,43.46981],[-71.17968,43.46836],[-71.17934,43.46711],[-71.18071,43.46576],[-71.17892,43.46595],[-71.17834,43.46492],[-71.18101,43.46379],[-71.18077,43.4625],[-71.18297,43.46232],[-71.18145,43.4617],[-71.18303,43.46059],[-71.1805,43.46189],[-71.18025,43.46369],[-71.1782,43.46501],[-71.17932,43.46661],[-71.17936,43.46825],[-71.17868,43.4689],[-71.17733,43.46504],[-71.17921,43.46373],[-71.17951,43.46194],[-71.18049,43.46142],[-71.18022,43.46046],[-71.1813,43.46072],[-71.18081,43.46149],[-71.18144,43.46071],[-71.17821,43.46013],[-71.17739,43.45895],[-71.17759,43.45996],[-71.17651,43.46065],[-71.17776,43.45995],[-71.1801,43.46027],[-71.17977,43.46142],[-71.17661,43.46245],[-71.17678,43.46305],[-71.17806,43.46206],[-71.17953,43.46247],[-71.17906,43.46378],[-71.17703,43.46502],[-71.17862,43.46816],[-71.17869,43.47038],[-71.1794,43.47062]],[[-71.17744,43.46554],[-71.17724,43.4654],[-71.17741,43.46518],[-71.17744,43.46554]]]},"properties":{"a":0,"b":1}},{"type":"Feature","geometry":{"type":"Polygon","coordinates":[[[-71.22759,43.45986],[-71.22749,43.45784],[-71.22605,43.45653],[-71.22706,43.45579],[-71.22769,43.45691],[-71.228,43.45616],[-71.22717,43.45524],[-71.22589,43.45604],[-71.22532,43.45537],[-71.22497,43.45813],[-71.22637,43.45882],[-71.22606,43.45773],[-71.2271,43.45789],[-71.22742,43.45912],[-71.22642,43.45885],[-71.22759,43.45986]],[[-71.22734,43.45918],[-71.22743,43.45928],[-71.22727,43.45926],[-71.22734,43.45918]],[[-71.22579,43.45729],[-71.22584,43.45753],[-71.22565,43.45765],[-71.22579,43.45729]],[[-71.22538,43.45739],[-71.22545,43.45745],[-71.22532,43.45746],[-71.22538,43.45739]],[[-71.22548,43.45728],[-71.2254,43.45734],[-71.22539,43.4572],[-71.22548,43.45728]],[[-71.22587,43.45723],[-71.22594,43.45716],[-71.22589,43.45728],[-71.22587,43.45723]],[[-71.22586,43.45712],[-71.22576,43.45701],[-71.2259,43.45702],[-71.22586,43.45712]],[[-71.22624,43.45706],[-71.2262,43.45705],[-71.22624,43.45692],[-71.22624,43.45706]],[[-71.22605,43.45693],[-71.22533,43.45681],[-71.22586,43.45666],[-71.22605,43.45693]],[[-71.22542,43.4566],[-71.22533,43.45634],[-71.22567,43.45628],[-71.22542,43.4566]],[[-71.22632,43.45604],[-71.22633,43.45599],[-71.22639,43.45599],[-71.22632,43.45604]],[[-71.22767,43.45595],[-71.2277,43.45602],[-71.22758,43.45604],[-71.22767,43.45595]],[[-71.22509,43.45779],[-71.22506,43.45768],[-71.2251,43.45767],[-71.22509,43.45779]]]},"properties":{"a":5,"b":6}},{"type":"Feature","geometry":{"type":"Polygon","coordinates":[[[-71.22776,43.45999],[-71.22707,43.45738],[-71.22805,43.45618],[-71.22717,43.4552],[-71.22544,43.45523],[-71.22436,43.45801],[-71.22776,43.45999]],[[-71.22766,43.45988],[-71.22642,43.45885],[-71.22742,43.45912],[-71.2271,43.45789],[-71.22606,43.45773],[-71.22637,43.45882],[-71.22497,43.45813],[-71.22532,43.45537],[-71.22589,43.45604],[-71.22717,43.45524],[-71.228,43.45615],[-71.22769,43.45691],[-71.22706,43.45579],[-71.22605,43.45653],[-71.22749,43.45784],[-71.22766,43.45988]],[[-71.22659,43.45881],[-71.22669,43.45864],[-71.22675,43.4588],[-71.22659,43.45881]],[[-71.22674,43.45866],[-71.22666,43.4584],[-71.22671,43.45845],[-71.22674,43.45866]],[[-71.22615,43.45798],[-71.22611,43.45826],[-71.22609,43.45786],[-71.22615,43.45798]],[[-71.22493,43.45766],[-71.22479,43.45745],[-71.2249,43.45754],[-71.22493,43.45766]],[[-71.22578,43.45538],[-71.22621,43.45518],[-71.22615,43.4558],[-71.22578,43.45538]],[[-71.22747,43.4569],[-71.22627,43.45635],[-71.22687,43.45606],[-71.22747,43.4569]],[[-71.22751,43.45703],[-71.22756,43.45707],[-71.22721,43.45723],[-71.22751,43.45703]]]},"properties":{"a":4,"b":5}},{"type":"Feature","geometry":{"type":"Polygon","coordinates":[[[-71.22787,43.4601],[-71.22711,43.45738],[-71.22811,43.45625],[-71.22719,43.45518],[-71.22626,43.45511],[-71.22722,43.45522],[-71.22806,43.4562],[-71.22707,43.45738],[-71.22777,43.45999],[-71.22436,43.45801],[-71.22531,43.45532],[-71.22618,43.45512],[-71.22541,43.45519],[-71.22435,43.45807],[-71.22787,43.4601]]]},"properties":{"a":3,"b":4}},{"type":"Feature","geometry":{"type":"Polygon","coordinates":[[[-71.22797,43.46021],[-71.22716,43.45738],[-71.22815,43.45627],[-71.22716,43.45513],[-71.22631,43.45511],[-71.22719,43.45518],[-71.2281,43.45623],[-71.22711,43.45738],[-71.22787,43.4601],[-71.22435,43.45807],[-71.22529,43.45528],[-71.22612,43.45511],[-71.22538,43.45515],[-71.22431,43.45806],[-71.22797,43.46021]]]},"properties":{"a":2,"b":3}},{"type":"Feature","geometry":{"type":"Polygon","coordinates":[[[-71.22808,43.46033],[-71.2272,43.45739],[-71.2282,43.4563],[-71.22714,43.45509],[-71.22637,43.45511],[-71.22717,43.45514],[-71.22815,43.45627],[-71.22716,43.45738],[-71.22798,43.46021],[-71.22431,43.45806],[-71.22528,43.45524],[-71.22605,43.45511],[-71.22534,43.45511],[-71.22427,43.45806],[-71.22808,43.46033]]]},"properties":{"a":1,"b":2}},{"type":"Feature","geometry":{"type":"Polygon","coordinates":[[[-71.22821,43.46101],[-71.22724,43.4574],[-71.22825,43.45632],[-71.22712,43.45504],[-71.22642,43.45511],[-71.22715,43.45509],[-71.2282,43.4563],[-71.2272,43.45739],[-71.22809,43.46033],[-71.22426,43.45806],[-71.22526,43.4552],[-71.22599,43.4551],[-71.22529,43.45508],[-71.22423,43.45806],[-71.22698,43.45946],[-71.22821,43.46101]]]},"properties":{"a":0,"b":1}}]}